seq_index,v_choice,j_choice,v_3_del,j_5_del,vj_ins,vj_dinucl,Errors
0,TRAV9-2*04,TRAJ48*01,1,5,4,['C' 'C' 'T' 'C'],"[37, 186]"
1,TRAV27*01,TRAJ37*01,0,18,6,['C' 'G' 'G' 'C' 'A' 'C'],"[65, 164]"
2,TRAV26-1*01,TRAJ43*01,9,0,10,['G' 'C' 'C' 'T' 'C' 'G' 'T' 'T' 'G' 'G'],[]
3,TRAV13-1*02,TRAJ42*01,1,3,3,['C' 'C' 'T'],[]
4,TRAV13-2*01,TRAJ53*01,3,2,9,['G' 'C' 'T' 'T' 'G' 'A' 'A' 'G' 'G'],[14]
5,TRAV36/DV7*01,TRAJ54*01,12,6,5,['T' 'G' 'G' 'G' 'C'],[303]
6,TRAV29/DV5*01,TRAJ43*01,10,12,4,['C' 'G' 'G' 'T'],[171]
7,TRAV13-1*02,TRAJ6*01,4,2,2,['T' 'C'],[14]
8,TRAV16*01,TRAJ38*01,7,1,12,['C' 'C' 'T' 'C' 'T' 'A' 'C' 'A' 'A' 'T' 'A' 'C'],[]
9,TRAV38-2/DV8*01,TRAJ58*01,-2,5,4,['G' 'G' 'A' 'T'],"[52, 87]"
10,TRAV13-2*02,TRAJ17*01,1,7,7,['G' 'C' 'C' 'A' 'A' 'C' 'G'],"[69, 116, 216, 278, 295, 310, 333]"
11,TRAV23/DV6*03,TRAJ53*01,4,3,12,['A' 'G' 'T' 'T' 'T' 'C' 'T' 'G' 'G' 'G' 'G' 'A'],[]
12,TRAV21*01,TRAJ57*01,1,8,0,[],[]
13,TRAV38-1*01,TRAJ20*01,1,8,13,['C' 'C' 'T' 'G' 'G' 'C' 'G' 'G' 'A' 'A' 'C' 'C' 'C'],"[66, 81, 145, 203]"
14,TRAV13-1*01,TRAJ16*01,0,7,13,['G' 'C' 'T' 'G' 'T' 'A' 'A' 'G' 'G' 'G' 'A' 'A' 'G'],[]
15,TRAV27*01,TRAJ54*01,2,0,3,['G' 'G' 'C'],[313]
16,TRAV35*01,TRAJ20*01,4,1,10,['G' 'A' 'A' 'C' 'C' 'C' 'G' 'G' 'A' 'A'],[216]
17,TRAV9-2*01,TRAJ4*01,7,5,6,['C' 'T' 'T' 'G' 'G' 'C'],[250]
18,TRAV13-1*02,TRAJ50*01,3,4,7,['C' 'C' 'G' 'G' 'A' 'G' 'T'],"[163, 310]"
19,TRAV9-1*01,TRAJ48*01,9,17,7,['G' 'C' 'C' 'C' 'G' 'T' 'G'],[]
20,TRAV25*01,TRAJ10*01,0,4,9,['T' 'T' 'T' 'C' 'G' 'T' 'C' 'C' 'C'],[]
21,TRAV8-3*02,TRAJ44*01,5,6,7,['G' 'G' 'G' 'G' 'G' 'C' 'C'],"[10, 194, 244]"
22,TRAV12-1*01,TRAJ17*01,1,1,4,['C' 'T' 'C' 'C'],"[212, 233]"
23,TRAV5*01,TRAJ27*01,3,4,14,['T' 'G' 'G' 'G' 'T' 'C' 'A' 'G' 'A' 'T' 'C' 'T' 'C' 'C'],[]
24,TRAV10*01,TRAJ44*01,-2,5,8,['A' 'C' 'C' 'T' 'T' 'A' 'A' 'A'],[337]
25,TRAV27*01,TRAJ42*01,10,0,12,['C' 'C' 'C' 'C' 'T' 'G' 'G' 'G' 'C' 'C' 'C' 'T'],[]
26,TRAV13-2*01,TRAJ17*01,6,6,18,['G' 'A' 'G' 'A' 'T' 'A' 'G' 'G' 'G' 'A' 'A' 'A' 'G' 'T' 'T' 'C' 'C' 'T'],"[50, 70, 296]"
27,TRAV36/DV7*01,TRAJ43*01,-1,8,4,['T' 'G' 'A' 'G'],[]
28,TRAV5*01,TRAJ38*01,-2,0,3,['T' 'A' 'G'],"[125, 170]"
29,TRAV4*01,TRAJ38*01,6,1,2,['G' 'G'],[107]
30,TRAV27*01,TRAJ49*01,0,7,11,['G' 'A' 'C' 'T' 'A' 'A' 'A' 'C' 'T' 'A' 'A'],[]
31,TRAV10*01,TRAJ9*01,1,6,5,['C' 'C' 'G' 'A' 'T'],[]
32,TRAV13-1*02,TRAJ17*01,0,8,5,['T' 'A' 'G' 'C' 'T'],[]
33,TRAV26-1*02,TRAJ48*01,8,8,4,['T' 'G' 'G' 'A'],[199]
34,TRAV13-2*01,TRAJ23*01,3,4,15,['T' 'T' 'A' 'C' 'A' 'T' 'T' 'G' 'T' 'A' 'G' 'G' 'G' 'G' 'G'],"[119, 201, 310]"
35,TRAV14/DV4*02,TRAJ43*01,-1,2,5,['C' 'C' 'T' 'T' 'A'],[]
36,TRAV19*01,TRAJ11*01,2,-1,6,['G' 'A' 'G' 'G' 'A' 'C'],[]
37,TRAV19*01,TRAJ47*01,1,5,7,['G' 'C' 'T' 'C' 'G' 'A' 'G'],"[250, 346]"
38,TRAV4*01,TRAJ32*02,1,-1,24,"['C' 'G' 'C' 'C' 'G' 'C' 'C' 'C' 'T' 'A' 'G' 'A' 'T' 'A' 'C' 'A' 'A' 'T'
 'T' 'G' 'T' 'T' 'T' 'T']",[315]
39,TRAV2*02,TRAJ29*01,9,6,5,['C' 'C' 'A' 'G' 'G'],"[160, 224]"
40,TRAV29/DV5*01,TRAJ30*01,12,6,11,['C' 'T' 'C' 'C' 'A' 'G' 'T' 'T' 'C' 'C' 'C'],[146]
41,TRAV12-3*02,TRAJ56*01,6,7,2,['A' 'G'],"[32, 271]"
42,TRAV38-2/DV8*01,TRAJ57*01,2,0,4,['G' 'C' 'C' 'C'],"[55, 82]"
43,TRAV38-1*01,TRAJ20*01,1,-1,3,['A' 'T' 'C'],[221]
44,TRAV13-1*01,TRAJ4*01,2,-2,6,['G' 'C' 'A' 'C' 'G' 'C'],[]
45,TRAV13-1*02,TRAJ5*01,5,-1,6,['G' 'G' 'C' 'T' 'G' 'G'],"[116, 172, 334]"
46,TRAV19*01,TRAJ52*01,8,8,4,['G' 'G' 'G' 'A'],"[56, 59]"
47,TRAV30*01,TRAJ49*01,5,7,5,['C' 'C' 'C' 'C' 'C'],[]
48,TRAV13-1*01,TRAJ21*01,0,6,4,['T' 'T' 'A' 'C'],"[118, 328]"
49,TRAV26-1*01,TRAJ52*01,1,7,7,['G' 'A' 'G' 'T' 'A' 'A' 'G'],[213]
50,TRAV10*01,TRAJ16*01,3,3,3,['T' 'C' 'T'],"[316, 319]"
51,TRAV26-2*01,TRAJ45*01,3,10,4,['A' 'G' 'A' 'A'],[142]
52,TRAV26-1*03,TRAJ45*01,-1,-1,10,['C' 'C' 'C' 'T' 'G' 'G' 'C' 'C' 'T' 'A'],"[122, 276]"
53,TRAV16*01,TRAJ32*02,7,-1,6,['A' 'A' 'G' 'A' 'A' 'C'],[]
54,TRAV17*01,TRAJ28*01,2,9,2,['G' 'G'],"[309, 311]"
55,TRAV27*01,TRAJ32*01,0,11,6,['A' 'T' 'G' 'A' 'C' 'A'],[]
56,TRAV19*01,TRAJ22*01,2,5,4,['C' 'C' 'T' 'G'],[273]
57,TRAV6*04,TRAJ16*01,0,5,6,['T' 'T' 'T' 'A' 'A' 'G'],[27]
58,TRAV13-1*01,TRAJ31*01,4,0,3,['T' 'A' 'G'],[]
59,TRAV9-2*04,TRAJ57*01,0,0,11,['G' 'G' 'A' 'G' 'A' 'G' 'G' 'G' 'A' 'G' 'A'],[]
60,TRAV6*01,TRAJ45*01,6,6,3,['T' 'G' 'A'],[]
61,TRAV13-2*02,TRAJ10*01,0,10,15,['G' 'G' 'A' 'T' 'T' 'A' 'G' 'T' 'A' 'C' 'T' 'C' 'T' 'C' 'T'],"[140, 310]"
62,TRAV19*01,TRAJ9*01,10,5,4,['C' 'T' 'T' 'C'],[]
63,TRAV13-2*02,TRAJ11*01,2,5,3,['G' 'T' 'G'],"[22, 79]"
64,TRAV8-3*02,TRAJ49*01,5,-1,13,['G' 'T' 'C' 'G' 'G' 'C' 'C' 'C' 'A' 'G' 'C' 'G' 'G'],"[8, 339]"
65,TRAV21*02,TRAJ37*02,2,-2,4,['T' 'C' 'C' 'G'],"[64, 119, 271]"
66,TRAV20*01,TRAJ17*01,-1,5,1,['T'],"[99, 122, 142, 224]"
67,TRAV19*01,TRAJ13*01,-1,8,3,['T' 'A' 'C'],[221]
68,TRAV8-3*01,TRAJ45*01,0,8,6,['G' 'G' 'A' 'C' 'G' 'G'],[164]
69,TRAV26-1*02,TRAJ52*01,9,2,9,['T' 'C' 'C' 'C' 'C' 'G' 'T' 'T' 'T'],[]
70,TRAV19*01,TRAJ48*01,6,17,6,['A' 'G' 'A' 'G' 'G' 'C'],[63]
71,TRAV13-1*02,TRAJ39*01,-2,5,4,['G' 'C' 'A' 'G'],"[134, 197, 281]"
72,TRAV19*01,TRAJ56*01,4,5,8,['G' 'A' 'A' 'G' 'G' 'A' 'G' 'C'],[]
73,TRAV29/DV5*02,TRAJ29*01,0,6,1,['T'],"[113, 147]"
74,TRAV9-2*03,TRAJ8*01,4,1,2,['A' 'G'],"[111, 260]"
75,TRAV23/DV6*01,TRAJ40*01,-2,10,8,['G' 'A' 'C' 'A' 'G' 'G' 'G' 'G'],[52]
76,TRAV17*01,TRAJ57*01,4,6,7,['T' 'T' 'G' 'T' 'T' 'G' 'T'],[256]
77,TRAV14/DV4*01,TRAJ37*02,2,1,7,['T' 'G' 'G' 'T' 'G' 'G' 'G'],[2]
78,TRAV12-1*02,TRAJ10*01,1,8,3,['A' 'G' 'C'],[]
79,TRAV13-1*01,TRAJ37*02,0,1,6,['G' 'T' 'T' 'G' 'T' 'C'],[]
80,TRAV21*01,TRAJ48*01,-1,3,4,['T' 'T' 'G' 'G'],[]
81,TRAV5*01,TRAJ3*01,4,7,2,['G' 'A'],[]
82,TRAV39*01,TRAJ47*01,3,12,6,['G' 'G' 'C' 'C' 'T' 'T'],"[92, 144]"
83,TRAV17*01,TRAJ37*02,1,5,1,['C'],[197]
84,TRAV13-2*01,TRAJ5*01,10,3,4,['T' 'T' 'T' 'C'],[273]
85,TRAV13-1*02,TRAJ23*01,5,2,6,['C' 'A' 'C' 'C' 'C' 'G'],"[63, 105]"
86,TRAV13-1*02,TRAJ6*01,3,0,9,['T' 'C' 'T' 'C' 'G' 'C' 'C' 'C' 'T'],"[4, 19]"
87,TRAV25*01,TRAJ37*02,2,3,1,['G'],"[219, 280]"
88,TRAV29/DV5*01,TRAJ29*01,-2,1,4,['G' 'G' 'T' 'G'],"[233, 246]"
89,TRAV19*01,TRAJ48*01,7,6,9,['T' 'T' 'G' 'G' 'C' 'G' 'G' 'G' 'G'],[]
90,TRAV10*01,TRAJ33*01,3,-2,9,['G' 'G' 'G' 'G' 'A' 'A' 'A' 'G' 'G'],[125]
91,TRAV4*01,TRAJ43*01,3,-2,9,['C' 'G' 'A' 'G' 'G' 'T' 'G' 'G' 'T'],[]
92,TRAV19*01,TRAJ33*01,4,2,6,['G' 'G' 'G' 'A' 'A' 'G'],"[89, 256]"
93,TRAV22*01,TRAJ10*01,15,7,2,['G' 'C'],[]
94,TRAV35*01,TRAJ40*01,0,9,4,['G' 'G' 'A' 'T'],[144]
95,TRAV4*01,TRAJ33*01,4,-1,18,['G' 'C' 'A' 'C' 'A' 'C' 'T' 'A' 'G' 'G' 'G' 'A' 'T' 'A' 'T' 'A' 'A' 'C'],[74]
96,TRAV13-1*01,TRAJ5*01,8,4,8,['G' 'C' 'C' 'G' 'C' 'T' 'C' 'C'],[103]
97,TRAV36/DV7*01,TRAJ52*01,4,8,10,['A' 'T' 'T' 'C' 'G' 'A' 'G' 'G' 'G' 'C'],"[224, 276]"
98,TRAV41*01,TRAJ43*01,1,2,9,['G' 'A' 'C' 'G' 'A' 'A' 'A' 'G' 'T'],[214]
99,TRAV9-2*01,TRAJ13*01,2,11,4,['G' 'G' 'G' 'C'],"[89, 159]"
