seq_index;sequence_stop_codons;v_choice;j_choice;v_3_del;j_5_del;vj_ins;vj_dinucl;Errors;sequence_stop_codons
0;[(10, 13, 'TGA'), (31, 34, 'TGA'), (77, 80, 'TGA'), (80, 83, 'TAG'), (107, 110, 'TAG'), (185, 188, 'TAA'), (200, 203, 'TAA'), (215, 218, 'TAG'), (248, 251, 'TGA'), (292, 295, 'TAA'), (297, 300, 'TGA'), (327, 330, 'TAA')];TRAV21*01;TRAJ38*01;6;5;6;['C', 'G', 'C', 'A', 'G', 'C'];[279];[(10, 13, 'TGA'), (31, 34, 'TGA'), (77, 80, 'TGA'), (80, 83, 'TAG'), (107, 110, 'TAG'), (185, 188, 'TAA'), (200, 203, 'TAA'), (215, 218, 'TAG'), (248, 251, 'TGA')]
1;[(5, 8, 'TAA'), (38, 41, 'TGA'), (52, 55, 'TGA'), (58, 61, 'TAA'), (65, 68, 'TAG'), (89, 92, 'TGA'), (217, 220, 'TGA'), (238, 241, 'TGA')];TRAV4*01;TRAJ28*01;6;10;12;['A', 'A', 'C', 'T', 'A', 'C', 'T', 'G', 'G', 'G', 'C', 'C'];[];[(5, 8, 'TAA'), (38, 41, 'TGA'), (52, 55, 'TGA'), (58, 61, 'TAA'), (65, 68, 'TAG'), (89, 92, 'TGA'), (217, 220, 'TGA'), (238, 241, 'TGA')]
2;[(31, 34, 'TGA'), (47, 50, 'TGA'), (142, 145, 'TAG'), (196, 199, 'TGA'), (200, 203, 'TAA'), (208, 211, 'TGA')];TRAV13-2*01;TRAJ6*01;2;2;9;['G', 'A', 'T', 'A', 'C', 'A', 'C', 'C', 'A'];[45];[(31, 34, 'TGA'), (47, 50, 'TGA'), (142, 145, 'TAG'), (196, 199, 'TGA'), (200, 203, 'TAA'), (208, 211, 'TGA')]
3;[(5, 8, 'TAA'), (38, 41, 'TGA'), (65, 68, 'TAA'), (89, 92, 'TGA'), (151, 154, 'TAA'), (161, 164, 'TGA'), (170, 173, 'TGA'), (184, 187, 'TGA'), (217, 220, 'TGA'), (238, 241, 'TGA'), (280, 283, 'TGA'), (288, 291, 'TAA')];TRAV26-1*02;TRAJ48*01;7;14;4;['C', 'C', 'C', 'G'];[50, 198, 207];[(5, 8, 'TAA'), (38, 41, 'TGA'), (65, 68, 'TAA'), (89, 92, 'TGA'), (151, 154, 'TAA'), (161, 164, 'TGA'), (170, 173, 'TGA'), (184, 187, 'TGA'), (217, 220, 'TGA'), (238, 241, 'TGA')]
4;[(11, 14, 'TGA'), (23, 26, 'TGA'), (28, 31, 'TGA'), (58, 61, 'TAA'), (113, 116, 'TGA'), (191, 194, 'TAG'), (200, 203, 'TGA'), (203, 206, 'TAG'), (238, 241, 'TGA'), (315, 318, 'TGA')];TRAV1-1*01;TRAJ31*01;5;8;6;['G', 'G', 'G', 'A', 'G', 'C'];[];[(11, 14, 'TGA'), (23, 26, 'TGA'), (28, 31, 'TGA'), (58, 61, 'TAA'), (113, 116, 'TGA'), (191, 194, 'TAG'), (200, 203, 'TGA'), (203, 206, 'TAG'), (238, 241, 'TGA')]
5;[(31, 34, 'TGA'), (77, 80, 'TGA'), (85, 88, 'TGA'), (265, 268, 'TGA'), (278, 281, 'TGA'), (310, 313, 'TAA')];TRAV22*01;TRAJ45*01;4;10;2;['A', 'G'];[8, 62, 176];[(31, 34, 'TGA'), (77, 80, 'TGA'), (85, 88, 'TGA')]
6;[(10, 13, 'TGA'), (20, 23, 'TAA'), (31, 34, 'TAA'), (41, 44, 'TGA'), (92, 95, 'TAA'), (170, 173, 'TAA'), (188, 191, 'TGA'), (194, 197, 'TGA'), (202, 205, 'TAA'), (209, 212, 'TAA'), (221, 224, 'TAA'), (226, 229, 'TGA'), (251, 254, 'TGA'), (260, 263, 'TGA'), (277, 280, 'TGA'), (329, 332, 'TGA')];TRAV8-1*01;TRAJ35*01;4;3;8;['C', 'C', 'G', 'G', 'C', 'T', 'T', 'C'];[9, 69, 299];[(10, 13, 'TGA'), (20, 23, 'TAA'), (31, 34, 'TAA'), (41, 44, 'TGA'), (92, 95, 'TAA'), (170, 173, 'TAA'), (188, 191, 'TGA'), (194, 197, 'TGA'), (202, 205, 'TAA'), (209, 212, 'TAA'), (221, 224, 'TAA'), (226, 229, 'TGA'), (251, 254, 'TGA'), (260, 263, 'TGA'), (277, 280, 'TGA')]
7;[(11, 14, 'TAA'), (31, 34, 'TGA'), (61, 64, 'TGA'), (68, 71, 'TGA'), (77, 80, 'TAA'), (89, 92, 'TGA'), (122, 125, 'TGA'), (139, 142, 'TGA'), (148, 151, 'TAA'), (158, 161, 'TAA'), (164, 167, 'TAA'), (170, 173, 'TGA'), (196, 199, 'TAA'), (326, 329, 'TGA')];TRAV29/DV5*02;TRAJ49*01;0;1;7;['C', 'C', 'C', 'T', 'G', 'C', 'C'];[294];[(11, 14, 'TAA'), (31, 34, 'TGA'), (61, 64, 'TGA'), (68, 71, 'TGA'), (77, 80, 'TAA'), (89, 92, 'TGA'), (122, 125, 'TGA'), (139, 142, 'TGA'), (148, 151, 'TAA'), (158, 161, 'TAA'), (164, 167, 'TAA'), (170, 173, 'TGA'), (196, 199, 'TAA')]
8;[(10, 13, 'TAA'), (26, 29, 'TGA'), (55, 58, 'TGA'), (74, 77, 'TGA'), (83, 86, 'TGA'), (161, 164, 'TGA'), (164, 167, 'TGA'), (173, 176, 'TGA'), (178, 181, 'TAA'), (280, 283, 'TGA'), (305, 308, 'TAA'), (332, 335, 'TAG'), (336, 339, 'TAA')];TRAV19*01;TRAJ17*01;7;7;5;['T', 'G', 'T', 'C', 'C'];[];[(10, 13, 'TAA'), (26, 29, 'TGA'), (55, 58, 'TGA'), (74, 77, 'TGA'), (83, 86, 'TGA'), (161, 164, 'TGA'), (164, 167, 'TGA'), (173, 176, 'TGA'), (178, 181, 'TAA'), (280, 283, 'TGA')]
9;[(31, 34, 'TAA'), (139, 142, 'TGA'), (145, 148, 'TAG'), (163, 166, 'TGA'), (172, 175, 'TGA'), (181, 184, 'TAA'), (197, 200, 'TGA'), (245, 248, 'TGA'), (281, 284, 'TAA'), (305, 308, 'TAA')];TRAV27*01;TRAJ44*01;0;6;18;['G', 'A', 'T', 'G', 'G', 'A', 'A', 'T', 'A', 'A', 'G', 'C', 'A', 'T', 'G', 'G', 'C', 'T'];[176];[(31, 34, 'TAA'), (139, 142, 'TGA'), (145, 148, 'TAG'), (163, 166, 'TGA'), (172, 175, 'TGA'), (181, 184, 'TAA'), (197, 200, 'TGA'), (245, 248, 'TGA'), (281, 284, 'TAA')]
10;[(5, 8, 'TAA'), (38, 41, 'TGA'), (52, 55, 'TGA'), (58, 61, 'TAA'), (65, 68, 'TAG'), (89, 92, 'TGA'), (217, 220, 'TGA'), (238, 241, 'TGA'), (268, 271, 'TAA'), (273, 276, 'TAA'), (293, 296, 'TAA'), (320, 323, 'TAG'), (324, 327, 'TAA')];TRAV4*01;TRAJ17*01;8;5;5;['A', 'A', 'A', 'G', 'T'];[];[(5, 8, 'TAA'), (38, 41, 'TGA'), (52, 55, 'TGA'), (58, 61, 'TAA'), (65, 68, 'TAG'), (89, 92, 'TGA'), (217, 220, 'TGA'), (238, 241, 'TGA'), (268, 271, 'TAA')]
11;[(31, 34, 'TGA'), (47, 50, 'TGA'), (142, 145, 'TAG'), (196, 199, 'TGA'), (200, 203, 'TAA'), (208, 211, 'TGA'), (261, 264, 'TAA')];TRAV13-2*01;TRAJ13*01;1;1;5;['C', 'C', 'G', 'T', 'G'];[263];[(31, 34, 'TGA'), (47, 50, 'TGA'), (142, 145, 'TAG'), (196, 199, 'TGA'), (200, 203, 'TAA'), (208, 211, 'TGA'), (261, 264, 'TAA')]
12;[(11, 14, 'TGA'), (23, 26, 'TGA'), (28, 31, 'TGA'), (58, 61, 'TAA'), (113, 116, 'TGA'), (191, 194, 'TAG'), (200, 203, 'TGA'), (203, 206, 'TAG'), (238, 241, 'TGA'), (268, 271, 'TGA'), (284, 287, 'TAA'), (290, 293, 'TGA'), (319, 322, 'TGA'), (325, 328, 'TAA')];TRAV1-1*01;TRAJ43*01;3;-1;7;['T', 'C', 'C', 'T', 'C', 'C', 'C'];[];[(11, 14, 'TGA'), (23, 26, 'TGA'), (28, 31, 'TGA'), (58, 61, 'TAA'), (113, 116, 'TGA'), (191, 194, 'TAG'), (200, 203, 'TGA'), (203, 206, 'TAG'), (238, 241, 'TGA'), (268, 271, 'TGA')]
13;[(10, 13, 'TGA'), (61, 64, 'TGA'), (86, 89, 'TAA'), (136, 139, 'TGA'), (139, 142, 'TAG'), (149, 152, 'TAA'), (158, 161, 'TGA'), (163, 166, 'TGA'), (181, 184, 'TGA'), (199, 202, 'TAA'), (220, 223, 'TGA'), (242, 245, 'TAG'), (245, 248, 'TGA'), (250, 253, 'TAG'), (290, 293, 'TAG'), (293, 296, 'TAA'), (298, 301, 'TGA'), (316, 319, 'TAA'), (322, 325, 'TGA'), (329, 332, 'TAG')];TRAV35*01;TRAJ56*01;1;6;6;['G', 'A', 'C', 'T', 'G', 'G'];[96];[(10, 13, 'TGA'), (61, 64, 'TGA'), (86, 89, 'TAA'), (136, 139, 'TGA'), (139, 142, 'TAG'), (149, 152, 'TAA'), (158, 161, 'TGA'), (163, 166, 'TGA'), (181, 184, 'TGA'), (199, 202, 'TAA'), (220, 223, 'TGA'), (242, 245, 'TAG'), (245, 248, 'TGA'), (250, 253, 'TAG')]
14;[(31, 34, 'TGA'), (79, 82, 'TGA'), (97, 100, 'TAA'), (139, 142, 'TGA'), (148, 151, 'TGA'), (158, 161, 'TGA'), (274, 277, 'TGA'), (279, 282, 'TAG'), (316, 319, 'TAA'), (328, 331, 'TAA')];TRAV10*01;TRAJ42*01;1;11;2;['T', 'A'];[106, 109];[(31, 34, 'TGA'), (79, 82, 'TGA'), (97, 100, 'TAA'), (139, 142, 'TGA'), (148, 151, 'TGA'), (158, 161, 'TGA')]
15;[(31, 34, 'TAA'), (139, 142, 'TGA'), (145, 148, 'TAG'), (163, 166, 'TGA'), (172, 175, 'TGA'), (181, 184, 'TAA'), (197, 200, 'TGA'), (245, 248, 'TGA'), (325, 328, 'TGA')];TRAV27*01;TRAJ18*01;7;2;9;['C', 'C', 'T', 'C', 'A', 'T', 'G', 'G', 'G'];[125];[(31, 34, 'TAA'), (139, 142, 'TGA'), (145, 148, 'TAG'), (163, 166, 'TGA'), (172, 175, 'TGA'), (181, 184, 'TAA'), (197, 200, 'TGA'), (245, 248, 'TGA')]
16;[(31, 34, 'TGA'), (47, 50, 'TGA'), (142, 145, 'TAG'), (196, 199, 'TGA'), (200, 203, 'TAA'), (208, 211, 'TGA'), (280, 283, 'TAA'), (312, 315, 'TGA')];TRAV13-2*01;TRAJ49*01;4;8;3;['A', 'A', 'G'];[177, 231];[(31, 34, 'TGA'), (47, 50, 'TGA'), (142, 145, 'TAG'), (196, 199, 'TGA'), (200, 203, 'TAA'), (208, 211, 'TGA')]
17;[(131, 134, 'TAA'), (139, 142, 'TGA'), (161, 164, 'TAA'), (164, 167, 'TGA'), (194, 197, 'TAG'), (242, 245, 'TGA'), (268, 271, 'TGA'), (281, 284, 'TAG')];TRAV12-1*02;TRAJ6*01;0;5;13;['T', 'C', 'C', 'C', 'C', 'C', 'T', 'T', 'A', 'G', 'T', 'T', 'C'];[157, 190];[(131, 134, 'TAA'), (139, 142, 'TGA'), (161, 164, 'TAA'), (164, 167, 'TGA'), (194, 197, 'TAG'), (242, 245, 'TGA'), (268, 271, 'TGA'), (281, 284, 'TAG')]
18;[(5, 8, 'TAA'), (38, 41, 'TGA'), (65, 68, 'TAA'), (89, 92, 'TGA'), (151, 154, 'TAA'), (161, 164, 'TGA'), (170, 173, 'TGA'), (184, 187, 'TGA'), (217, 220, 'TGA'), (238, 241, 'TGA'), (284, 287, 'TGA'), (316, 319, 'TAA')];TRAV26-1*02;TRAJ45*01;12;9;5;['T', 'A', 'T', 'C', 'C'];[];[(5, 8, 'TAA'), (38, 41, 'TGA'), (65, 68, 'TAA'), (89, 92, 'TGA'), (151, 154, 'TAA'), (161, 164, 'TGA'), (170, 173, 'TGA'), (184, 187, 'TGA'), (217, 220, 'TGA'), (238, 241, 'TGA')]
19;[(11, 14, 'TAA'), (31, 34, 'TGA'), (61, 64, 'TGA'), (68, 71, 'TGA'), (77, 80, 'TAA'), (89, 92, 'TGA'), (122, 125, 'TGA'), (139, 142, 'TGA'), (148, 151, 'TAA'), (158, 161, 'TAA'), (164, 167, 'TAA'), (170, 173, 'TGA'), (176, 179, 'TGA'), (196, 199, 'TAA'), (284, 287, 'TAA'), (290, 293, 'TGA'), (319, 322, 'TGA'), (325, 328, 'TAA')];TRAV29/DV5*01;TRAJ43*01;4;-2;2;['G', 'A'];[178];[(11, 14, 'TAA'), (31, 34, 'TGA'), (61, 64, 'TGA'), (68, 71, 'TGA'), (77, 80, 'TAA'), (89, 92, 'TGA'), (122, 125, 'TGA'), (139, 142, 'TGA'), (148, 151, 'TAA'), (158, 161, 'TAA'), (164, 167, 'TAA'), (170, 173, 'TGA'), (176, 179, 'TGA'), (196, 199, 'TAA')]
20;[(11, 14, 'TAA'), (31, 34, 'TGA'), (61, 64, 'TGA'), (68, 71, 'TGA'), (77, 80, 'TAA'), (89, 92, 'TGA'), (122, 125, 'TGA'), (139, 142, 'TGA'), (148, 151, 'TAA'), (158, 161, 'TAA'), (164, 167, 'TAA'), (170, 173, 'TGA'), (196, 199, 'TAA'), (279, 282, 'TAG'), (323, 326, 'TAA')];TRAV29/DV5*02;TRAJ39*01;2;11;9;['G', 'G', 'T', 'A', 'G', 'A', 'G', 'G', 'G'];[223];[(11, 14, 'TAA'), (31, 34, 'TGA'), (61, 64, 'TGA'), (68, 71, 'TGA'), (77, 80, 'TAA'), (89, 92, 'TGA'), (122, 125, 'TGA'), (139, 142, 'TGA'), (148, 151, 'TAA'), (158, 161, 'TAA'), (164, 167, 'TAA'), (170, 173, 'TGA'), (196, 199, 'TAA')]
21;[(11, 14, 'TAA'), (31, 34, 'TGA'), (61, 64, 'TGA'), (68, 71, 'TGA'), (77, 80, 'TAA'), (89, 92, 'TGA'), (122, 125, 'TGA'), (139, 142, 'TGA'), (148, 151, 'TAA'), (158, 161, 'TAA'), (164, 167, 'TAA'), (170, 173, 'TGA'), (196, 199, 'TAA'), (297, 300, 'TGA'), (329, 332, 'TAA')];TRAV29/DV5*02;TRAJ45*01;0;3;2;['G', 'T'];[];[(11, 14, 'TAA'), (31, 34, 'TGA'), (61, 64, 'TGA'), (68, 71, 'TGA'), (77, 80, 'TAA'), (89, 92, 'TGA'), (122, 125, 'TGA'), (139, 142, 'TGA'), (148, 151, 'TAA'), (158, 161, 'TAA'), (164, 167, 'TAA'), (170, 173, 'TGA'), (196, 199, 'TAA')]
22;[(10, 13, 'TAA'), (26, 29, 'TGA'), (55, 58, 'TGA'), (74, 77, 'TGA'), (83, 86, 'TGA'), (161, 164, 'TGA'), (164, 167, 'TGA'), (173, 176, 'TGA'), (178, 181, 'TAA'), (295, 298, 'TGA'), (327, 330, 'TAA')];TRAV19*01;TRAJ45*01;8;14;8;['G', 'A', 'A', 'G', 'C', 'G', 'C', 'C'];[];[(10, 13, 'TAA'), (26, 29, 'TGA'), (55, 58, 'TGA'), (74, 77, 'TGA'), (83, 86, 'TGA'), (161, 164, 'TGA'), (164, 167, 'TGA'), (173, 176, 'TGA'), (178, 181, 'TAA')]
23;[(10, 13, 'TGA'), (31, 34, 'TGA'), (77, 80, 'TGA'), (80, 83, 'TAG'), (107, 110, 'TAG'), (185, 188, 'TAA'), (200, 203, 'TAA'), (215, 218, 'TAG'), (248, 251, 'TGA'), (274, 277, 'TGA'), (288, 291, 'TAA'), (326, 329, 'TAA'), (332, 335, 'TAA')];TRAV21*01;TRAJ20*01;1;4;10;['G', 'G', 'G', 'G', 'A', 'G', 'C', 'C', 'C', 'G'];[];[(10, 13, 'TGA'), (31, 34, 'TGA'), (77, 80, 'TGA'), (80, 83, 'TAG'), (107, 110, 'TAG'), (185, 188, 'TAA'), (200, 203, 'TAA'), (215, 218, 'TAG'), (248, 251, 'TGA'), (274, 277, 'TGA')]
24;[(10, 13, 'TGA'), (31, 34, 'TGA'), (77, 80, 'TGA'), (80, 83, 'TAG'), (107, 110, 'TAG'), (185, 188, 'TAA'), (200, 203, 'TAA'), (215, 218, 'TAG'), (248, 251, 'TGA'), (296, 299, 'TGA'), (320, 323, 'TGA')];TRAV21*01;TRAJ22*01;3;8;4;['G', 'A', 'C', 'T'];[];[(10, 13, 'TGA'), (31, 34, 'TGA'), (77, 80, 'TGA'), (80, 83, 'TAG'), (107, 110, 'TAG'), (185, 188, 'TAA'), (200, 203, 'TAA'), (215, 218, 'TAG'), (248, 251, 'TGA')]
25;[(31, 34, 'TGA'), (107, 110, 'TAA'), (142, 145, 'TAG'), (196, 199, 'TGA'), (245, 248, 'TGA'), (278, 281, 'TAA'), (287, 290, 'TAG'), (304, 307, 'TAA'), (334, 337, 'TAA')];TRAV13-1*02;TRAJ37*02;1;4;6;['A', 'A', 'C', 'C', 'C', 'C'];[];[(31, 34, 'TGA'), (107, 110, 'TAA'), (142, 145, 'TAG'), (196, 199, 'TGA'), (245, 248, 'TGA'), (278, 281, 'TAA')]
26;[(31, 34, 'TGA'), (107, 110, 'TAA'), (142, 145, 'TAG'), (196, 199, 'TGA'), (245, 248, 'TGA'), (329, 332, 'TGA')];TRAV13-1*02;TRAJ23*01;1;8;4;['G', 'G', 'G', 'C'];[];[(31, 34, 'TGA'), (107, 110, 'TAA'), (142, 145, 'TAG'), (196, 199, 'TGA'), (245, 248, 'TGA')]
27;[(31, 34, 'TGA'), (47, 50, 'TGA'), (142, 145, 'TAG'), (196, 199, 'TGA'), (200, 203, 'TAA'), (208, 211, 'TGA'), (279, 282, 'TGA'), (297, 300, 'TAA'), (309, 312, 'TGA'), (317, 320, 'TAA')];TRAV13-2*01;TRAJ48*01;2;1;16;['A', 'T', 'G', 'A', 'A', 'A', 'T', 'A', 'T', 'C', 'A', 'A', 'G', 'A', 'A', 'T'];[117, 294];[(31, 34, 'TGA'), (47, 50, 'TGA'), (142, 145, 'TAG'), (196, 199, 'TGA'), (200, 203, 'TAA'), (208, 211, 'TGA'), (279, 282, 'TGA')]
28;[(10, 13, 'TGA'), (31, 34, 'TGA'), (55, 58, 'TGA'), (61, 64, 'TAA'), (102, 105, 'TGA'), (142, 145, 'TGA'), (158, 161, 'TGA'), (161, 164, 'TGA'), (185, 188, 'TGA'), (200, 203, 'TAA'), (274, 277, 'TGA'), (279, 282, 'TAA'), (289, 292, 'TAA'), (327, 330, 'TAA'), (333, 336, 'TAA')];TRAV9-2*01;TRAJ20*01;3;1;8;['C', 'T', 'A', 'A', 'G', 'A', 'T', 'C'];[104];[(10, 13, 'TGA'), (31, 34, 'TGA'), (55, 58, 'TGA'), (61, 64, 'TAA'), (102, 105, 'TGA'), (142, 145, 'TGA'), (158, 161, 'TGA'), (161, 164, 'TGA'), (185, 188, 'TGA'), (200, 203, 'TAA'), (274, 277, 'TGA'), (279, 282, 'TAA')]
29;[(10, 13, 'TAA'), (55, 58, 'TGA'), (74, 77, 'TGA'), (83, 86, 'TGA'), (133, 136, 'TGA'), (161, 164, 'TGA'), (196, 199, 'TGA'), (280, 283, 'TGA'), (290, 293, 'TGA'), (343, 346, 'TAA')];TRAV14/DV4*01;TRAJ9*01;6;2;8;['T', 'G', 'G', 'G', 'G', 'G', 'T', 'G'];[];[(10, 13, 'TAA'), (55, 58, 'TGA'), (74, 77, 'TGA'), (83, 86, 'TGA'), (133, 136, 'TGA'), (161, 164, 'TGA'), (196, 199, 'TGA'), (280, 283, 'TGA')]
30;[(11, 14, 'TGA'), (23, 26, 'TGA'), (28, 31, 'TGA'), (58, 61, 'TAA'), (113, 116, 'TGA'), (191, 194, 'TAG'), (200, 203, 'TGA'), (203, 206, 'TAG'), (238, 241, 'TGA'), (322, 325, 'TGA')];TRAV1-1*01;TRAJ23*01;3;8;4;['G', 'G', 'G', 'C'];[270];[(11, 14, 'TGA'), (23, 26, 'TGA'), (28, 31, 'TGA'), (58, 61, 'TAA'), (113, 116, 'TGA'), (191, 194, 'TAG'), (200, 203, 'TGA'), (203, 206, 'TAG'), (238, 241, 'TGA')]
31;[(11, 14, 'TAA'), (31, 34, 'TGA'), (61, 64, 'TGA'), (68, 71, 'TGA'), (77, 80, 'TAA'), (89, 92, 'TGA'), (122, 125, 'TGA'), (139, 142, 'TGA'), (148, 151, 'TAA'), (158, 161, 'TAA'), (164, 167, 'TAA'), (170, 173, 'TGA'), (196, 199, 'TAA')];TRAV29/DV5*01;TRAJ6*01;5;3;5;['G', 'C', 'C', 'G', 'G'];[];[(11, 14, 'TAA'), (31, 34, 'TGA'), (61, 64, 'TGA'), (68, 71, 'TGA'), (77, 80, 'TAA'), (89, 92, 'TGA'), (122, 125, 'TGA'), (139, 142, 'TGA'), (148, 151, 'TAA'), (158, 161, 'TAA'), (164, 167, 'TAA'), (170, 173, 'TGA'), (196, 199, 'TAA')]
32;[(3, 6, 'TAG'), (31, 34, 'TGA'), (47, 50, 'TGA'), (142, 145, 'TAG'), (196, 199, 'TGA'), (200, 203, 'TAA'), (208, 211, 'TGA')];TRAV13-2*01;TRAJ28*01;4;8;5;['G', 'G', 'G', 'G', 'G'];[3];[(3, 6, 'TAG'), (31, 34, 'TGA'), (47, 50, 'TGA'), (142, 145, 'TAG'), (196, 199, 'TGA'), (200, 203, 'TAA'), (208, 211, 'TGA')]
33;[(5, 8, 'TAA'), (35, 38, 'TAA'), (65, 68, 'TAA'), (89, 92, 'TGA'), (139, 142, 'TGA'), (163, 166, 'TGA'), (194, 197, 'TGA'), (217, 220, 'TGA'), (238, 241, 'TGA'), (269, 272, 'TAG'), (308, 311, 'TGA')];TRAV26-2*01;TRAJ23*01;8;17;3;['A', 'T', 'A'];[];[(5, 8, 'TAA'), (35, 38, 'TAA'), (65, 68, 'TAA'), (89, 92, 'TGA'), (139, 142, 'TGA'), (163, 166, 'TGA'), (194, 197, 'TGA'), (217, 220, 'TGA'), (238, 241, 'TGA')]
34;[(31, 34, 'TGA'), (79, 82, 'TGA'), (97, 100, 'TAA'), (107, 110, 'TAA'), (139, 142, 'TGA'), (148, 151, 'TGA'), (158, 161, 'TGA'), (282, 285, 'TAG'), (292, 295, 'TGA'), (324, 327, 'TAA')];TRAV10*01;TRAJ45*01;4;10;7;['T', 'C', 'C', 'G', 'G', 'A', 'T'];[];[(31, 34, 'TGA'), (79, 82, 'TGA'), (97, 100, 'TAA'), (107, 110, 'TAA'), (139, 142, 'TGA'), (148, 151, 'TGA'), (158, 161, 'TGA')]
35;[(10, 13, 'TAA'), (26, 29, 'TGA'), (55, 58, 'TGA'), (74, 77, 'TGA'), (83, 86, 'TGA'), (161, 164, 'TGA'), (164, 167, 'TGA'), (173, 176, 'TGA'), (178, 181, 'TAA'), (280, 283, 'TGA'), (331, 334, 'TGA'), (340, 343, 'TAG')];TRAV19*01;TRAJ40*01;4;5;4;['T', 'T', 'G', 'C'];[];[(10, 13, 'TAA'), (26, 29, 'TGA'), (55, 58, 'TGA'), (74, 77, 'TGA'), (83, 86, 'TGA'), (161, 164, 'TGA'), (164, 167, 'TGA'), (173, 176, 'TGA'), (178, 181, 'TAA'), (280, 283, 'TGA')]
36;[(10, 13, 'TGA'), (61, 64, 'TGA'), (86, 89, 'TAA'), (136, 139, 'TGA'), (139, 142, 'TAG'), (149, 152, 'TAA'), (158, 161, 'TGA'), (163, 166, 'TGA'), (181, 184, 'TGA'), (199, 202, 'TAA'), (220, 223, 'TGA'), (242, 245, 'TAG'), (245, 248, 'TGA'), (250, 253, 'TAG'), (280, 283, 'TAG'), (287, 290, 'TAA'), (319, 322, 'TGA')];TRAV35*01;TRAJ49*01;-1;5;6;['C', 'C', 'C', 'T', 'A', 'G'];[64];[(10, 13, 'TGA'), (61, 64, 'TGA'), (86, 89, 'TAA'), (136, 139, 'TGA'), (139, 142, 'TAG'), (149, 152, 'TAA'), (158, 161, 'TGA'), (163, 166, 'TGA'), (181, 184, 'TGA'), (199, 202, 'TAA'), (220, 223, 'TGA'), (242, 245, 'TAG'), (245, 248, 'TGA'), (250, 253, 'TAG')]
37;[(31, 34, 'TGA'), (107, 110, 'TAA'), (142, 145, 'TAG'), (196, 199, 'TGA'), (245, 248, 'TGA'), (278, 281, 'TAA'), (308, 311, 'TAA'), (335, 338, 'TAG'), (339, 342, 'TAA')];TRAV13-1*02;TRAJ17*01;0;4;8;['A', 'G', 'A', 'C', 'G', 'G', 'T', 'A'];[126];[(31, 34, 'TGA'), (107, 110, 'TAA'), (142, 145, 'TAG'), (196, 199, 'TGA'), (245, 248, 'TGA'), (278, 281, 'TAA')]
38;[(10, 13, 'TAA'), (26, 29, 'TGA'), (55, 58, 'TGA'), (74, 77, 'TGA'), (83, 86, 'TGA'), (161, 164, 'TGA'), (164, 167, 'TGA'), (173, 176, 'TGA'), (178, 181, 'TAA'), (280, 283, 'TGA'), (292, 295, 'TAA'), (324, 327, 'TGA')];TRAV19*01;TRAJ49*01;6;2;1;['T'];[136];[(10, 13, 'TAA'), (26, 29, 'TGA'), (55, 58, 'TGA'), (74, 77, 'TGA'), (83, 86, 'TGA'), (161, 164, 'TGA'), (164, 167, 'TGA'), (173, 176, 'TGA'), (178, 181, 'TAA'), (280, 283, 'TGA')]
39;[(10, 13, 'TGA'), (61, 64, 'TGA'), (86, 89, 'TAA'), (136, 139, 'TGA'), (139, 142, 'TAG'), (149, 152, 'TAA'), (158, 161, 'TGA'), (163, 166, 'TGA'), (181, 184, 'TGA'), (199, 202, 'TAA'), (220, 223, 'TGA'), (242, 245, 'TAG'), (245, 248, 'TGA'), (250, 253, 'TAG'), (295, 298, 'TAG'), (309, 312, 'TGA'), (333, 336, 'TGA')];TRAV35*01;TRAJ52*01;-2;2;3;['T', 'T', 'C'];[];[(10, 13, 'TGA'), (61, 64, 'TGA'), (86, 89, 'TAA'), (136, 139, 'TGA'), (139, 142, 'TAG'), (149, 152, 'TAA'), (158, 161, 'TGA'), (163, 166, 'TGA'), (181, 184, 'TGA'), (199, 202, 'TAA'), (220, 223, 'TGA'), (242, 245, 'TAG'), (245, 248, 'TGA'), (250, 253, 'TAG')]
40;[(10, 13, 'TAG'), (31, 34, 'TGA'), (47, 50, 'TAA'), (61, 64, 'TGA'), (152, 155, 'TGA'), (158, 161, 'TGA'), (184, 187, 'TGA'), (197, 200, 'TGA'), (209, 212, 'TAA'), (285, 288, 'TAG'), (295, 298, 'TAA'), (339, 342, 'TGA')];TRAV6*01;TRAJ31*01;5;0;17;['C', 'G', 'G', 'A', 'G', 'T', 'T', 'T', 'G', 'T', 'T', 'A', 'G', 'G', 'C', 'T', 'G'];[200];[(10, 13, 'TAG'), (31, 34, 'TGA'), (47, 50, 'TAA'), (61, 64, 'TGA'), (152, 155, 'TGA'), (158, 161, 'TGA'), (184, 187, 'TGA'), (197, 200, 'TGA'), (209, 212, 'TAA'), (285, 288, 'TAG')]
41;[(31, 34, 'TGA'), (107, 110, 'TAA'), (142, 145, 'TAG'), (245, 248, 'TGA'), (280, 283, 'TAG'), (310, 313, 'TGA')];TRAV13-1*01;TRAJ35*01;3;18;7;['C', 'T', 'C', 'T', 'A', 'G', 'A'];[196];[(31, 34, 'TGA'), (107, 110, 'TAA'), (142, 145, 'TAG'), (245, 248, 'TGA')]
42;[(31, 34, 'TAA'), (139, 142, 'TGA'), (145, 148, 'TAG'), (163, 166, 'TGA'), (172, 175, 'TGA'), (181, 184, 'TAA'), (197, 200, 'TGA'), (245, 248, 'TGA'), (277, 280, 'TAA'), (297, 300, 'TAA'), (329, 332, 'TGA')];TRAV27*01;TRAJ49*01;4;2;20;['G', 'C', 'T', 'T', 'A', 'C', 'G', 'T', 'A', 'A', 'T', 'C', 'C', 'C', 'C', 'C', 'G', 'G', 'T', 'C'];[5];[(31, 34, 'TAA'), (139, 142, 'TGA'), (145, 148, 'TAG'), (163, 166, 'TGA'), (172, 175, 'TGA'), (181, 184, 'TAA'), (197, 200, 'TGA'), (245, 248, 'TGA'), (277, 280, 'TAA')]
43;[(55, 58, 'TAA'), (74, 77, 'TGA'), (79, 82, 'TGA'), (83, 86, 'TAA'), (145, 148, 'TAA'), (161, 164, 'TGA'), (181, 184, 'TAA'), (185, 188, 'TAG'), (193, 196, 'TAG'), (197, 200, 'TAA'), (220, 223, 'TGA'), (226, 229, 'TAA'), (277, 280, 'TAG'), (293, 296, 'TAG'), (298, 301, 'TGA'), (328, 331, 'TGA')];TRAV36/DV7*01;TRAJ58*01;4;4;5;['G', 'A', 'A', 'T', 'T'];[227];[(55, 58, 'TAA'), (74, 77, 'TGA'), (79, 82, 'TGA'), (83, 86, 'TAA'), (145, 148, 'TAA'), (161, 164, 'TGA'), (181, 184, 'TAA'), (185, 188, 'TAG'), (193, 196, 'TAG'), (197, 200, 'TAA'), (220, 223, 'TGA'), (226, 229, 'TAA')]
44;[(10, 13, 'TAA'), (26, 29, 'TGA'), (55, 58, 'TGA'), (74, 77, 'TGA'), (83, 86, 'TGA'), (161, 164, 'TGA'), (164, 167, 'TGA'), (173, 176, 'TGA'), (178, 181, 'TAA'), (280, 283, 'TGA')];TRAV19*01;TRAJ26*01;7;11;8;['G', 'G', 'G', 'G', 'T', 'C', 'C', 'T'];[];[(10, 13, 'TAA'), (26, 29, 'TGA'), (55, 58, 'TGA'), (74, 77, 'TGA'), (83, 86, 'TGA'), (161, 164, 'TGA'), (164, 167, 'TGA'), (173, 176, 'TGA'), (178, 181, 'TAA')]
45;[(10, 13, 'TGA'), (41, 44, 'TAA'), (61, 64, 'TGA'), (92, 95, 'TGA'), (142, 145, 'TGA'), (155, 158, 'TAG'), (182, 185, 'TGA'), (188, 191, 'TAA'), (214, 217, 'TGA'), (265, 268, 'TAA')];TRAV16*01;TRAJ5*01;4;1;12;['G', 'G', 'A', 'T', 'C', 'T', 'C', 'G', 'G', 'A', 'C', 'C'];[51, 316];[(10, 13, 'TGA'), (41, 44, 'TAA'), (61, 64, 'TGA'), (92, 95, 'TGA'), (142, 145, 'TGA'), (155, 158, 'TAG'), (182, 185, 'TGA'), (188, 191, 'TAA'), (214, 217, 'TGA'), (265, 268, 'TAA')]
46;[(5, 8, 'TAA'), (38, 41, 'TGA'), (65, 68, 'TAA'), (89, 92, 'TGA'), (151, 154, 'TAA'), (161, 164, 'TGA'), (170, 173, 'TGA'), (184, 187, 'TGA'), (217, 220, 'TGA'), (238, 241, 'TGA'), (319, 322, 'TGA')];TRAV26-1*03;TRAJ27*01;0;4;6;['A', 'A', 'A', 'A', 'G', 'G'];[];[(5, 8, 'TAA'), (38, 41, 'TGA'), (65, 68, 'TAA'), (89, 92, 'TGA'), (151, 154, 'TAA'), (161, 164, 'TGA'), (170, 173, 'TGA'), (184, 187, 'TGA'), (217, 220, 'TGA'), (238, 241, 'TGA')]
47;[(10, 13, 'TAA'), (85, 88, 'TAA'), (104, 107, 'TAA'), (136, 139, 'TGA'), (145, 148, 'TAG'), (148, 151, 'TGA'), (163, 166, 'TGA'), (181, 184, 'TGA'), (250, 253, 'TAG'), (275, 278, 'TGA'), (278, 281, 'TAA'), (296, 299, 'TGA'), (328, 331, 'TAA')];TRAV25*01;TRAJ45*01;1;3;8;['G', 'T', 'C', 'T', 'G', 'A', 'T', 'A'];[];[(10, 13, 'TAA'), (85, 88, 'TAA'), (104, 107, 'TAA'), (136, 139, 'TGA'), (145, 148, 'TAG'), (148, 151, 'TGA'), (163, 166, 'TGA'), (181, 184, 'TGA'), (250, 253, 'TAG'), (275, 278, 'TGA')]
48;[(11, 14, 'TGA'), (23, 26, 'TGA'), (28, 31, 'TGA'), (191, 194, 'TAG'), (200, 203, 'TAA'), (223, 226, 'TGA'), (238, 241, 'TGA'), (268, 271, 'TGA'), (321, 324, 'TGA')];TRAV1-2*01;TRAJ35*01;2;4;8;['C', 'C', 'T', 'C', 'A', 'T', 'C', 'C'];[98];[(11, 14, 'TGA'), (23, 26, 'TGA'), (28, 31, 'TGA'), (191, 194, 'TAG'), (200, 203, 'TAA'), (223, 226, 'TGA'), (238, 241, 'TGA'), (268, 271, 'TGA')]
49;[(10, 13, 'TGA'), (31, 34, 'TGA'), (55, 58, 'TGA'), (61, 64, 'TAA'), (142, 145, 'TGA'), (158, 161, 'TGA'), (161, 164, 'TGA'), (200, 203, 'TAA'), (274, 277, 'TGA'), (278, 281, 'TGA'), (323, 326, 'TGA')];TRAV9-2*01;TRAJ54*01;0;6;3;['G', 'A', 'A'];[185];[(10, 13, 'TGA'), (31, 34, 'TGA'), (55, 58, 'TGA'), (61, 64, 'TAA'), (142, 145, 'TGA'), (158, 161, 'TGA'), (161, 164, 'TGA'), (200, 203, 'TAA'), (274, 277, 'TGA')]
50;[(5, 8, 'TAA'), (38, 41, 'TGA'), (52, 55, 'TGA'), (58, 61, 'TAA'), (65, 68, 'TAG'), (89, 92, 'TGA'), (217, 220, 'TGA'), (238, 241, 'TGA'), (272, 275, 'TGA'), (325, 328, 'TAA')];TRAV4*01;TRAJ10*01;1;2;2;['G', 'A'];[];[(5, 8, 'TAA'), (38, 41, 'TGA'), (52, 55, 'TGA'), (58, 61, 'TAA'), (65, 68, 'TAG'), (89, 92, 'TGA'), (217, 220, 'TGA'), (238, 241, 'TGA'), (272, 275, 'TGA')]
51;[(26, 29, 'TGA'), (55, 58, 'TGA'), (74, 77, 'TGA'), (83, 86, 'TGA'), (161, 164, 'TGA'), (164, 167, 'TGA'), (173, 176, 'TGA'), (178, 181, 'TAA'), (280, 283, 'TGA'), (286, 289, 'TAA'), (304, 307, 'TAA'), (334, 337, 'TAA')];TRAV19*01;TRAJ37*02;6;7;4;['C', 'T', 'T', 'A'];[11];[(26, 29, 'TGA'), (55, 58, 'TGA'), (74, 77, 'TGA'), (83, 86, 'TGA'), (161, 164, 'TGA'), (164, 167, 'TGA'), (173, 176, 'TGA'), (178, 181, 'TAA'), (280, 283, 'TGA')]
52;[(5, 8, 'TAA'), (38, 41, 'TGA'), (52, 55, 'TGA'), (58, 61, 'TAA'), (65, 68, 'TAG'), (89, 92, 'TGA'), (217, 220, 'TGA'), (238, 241, 'TGA'), (295, 298, 'TGA'), (327, 330, 'TAA')];TRAV4*01;TRAJ45*01;10;6;15;['C', 'C', 'T', 'C', 'G', 'G', 'G', 'G', 'A', 'A', 'T', 'C', 'G', 'G', 'G'];[9, 316];[(5, 8, 'TAA'), (38, 41, 'TGA'), (52, 55, 'TGA'), (58, 61, 'TAA'), (65, 68, 'TAG'), (89, 92, 'TGA'), (217, 220, 'TGA'), (238, 241, 'TGA')]
53;[(5, 8, 'TAA'), (38, 41, 'TGA'), (58, 61, 'TAA'), (65, 68, 'TAG'), (89, 92, 'TGA'), (217, 220, 'TGA'), (238, 241, 'TGA'), (272, 275, 'TGA'), (294, 297, 'TGA'), (324, 327, 'TGA')];TRAV4*01;TRAJ15*01;1;7;4;['T', 'T', 'A', 'C'];[54];[(5, 8, 'TAA'), (38, 41, 'TGA'), (58, 61, 'TAA'), (65, 68, 'TAG'), (89, 92, 'TGA'), (217, 220, 'TGA'), (238, 241, 'TGA'), (272, 275, 'TGA')]
54;[(10, 13, 'TGA'), (20, 23, 'TAA'), (31, 34, 'TAA'), (41, 44, 'TGA'), (78, 81, 'TAG'), (92, 95, 'TAA'), (170, 173, 'TAA'), (188, 191, 'TGA'), (194, 197, 'TGA'), (202, 205, 'TAA'), (209, 212, 'TAA'), (221, 224, 'TAA'), (226, 229, 'TGA'), (251, 254, 'TGA'), (260, 263, 'TGA'), (277, 280, 'TGA'), (286, 289, 'TAA'), (333, 336, 'TGA')];TRAV8-1*01;TRAJ23*01;4;5;4;['C', 'G', 'G', 'T'];[80, 113, 165, 271];[(10, 13, 'TGA'), (20, 23, 'TAA'), (31, 34, 'TAA'), (41, 44, 'TGA'), (78, 81, 'TAG'), (92, 95, 'TAA'), (170, 173, 'TAA'), (188, 191, 'TGA'), (194, 197, 'TGA'), (202, 205, 'TAA'), (209, 212, 'TAA'), (221, 224, 'TAA'), (226, 229, 'TGA'), (251, 254, 'TGA'), (260, 263, 'TGA'), (277, 280, 'TGA')]
55;[(31, 34, 'TGA'), (107, 110, 'TAA'), (142, 145, 'TAG'), (196, 199, 'TGA'), (245, 248, 'TGA')];TRAV13-1*01;TRAJ6*01;3;6;3;['A', 'C', 'C'];[79, 172, 239];[(31, 34, 'TGA'), (107, 110, 'TAA'), (142, 145, 'TAG'), (196, 199, 'TGA'), (245, 248, 'TGA')]
56;[(31, 34, 'TGA'), (47, 50, 'TGA'), (142, 145, 'TAG'), (196, 199, 'TGA'), (200, 203, 'TAA'), (208, 211, 'TGA'), (278, 281, 'TAG')];TRAV13-2*01;TRAJ6*01;6;6;5;['C', 'C', 'C', 'C', 'T'];[];[(31, 34, 'TGA'), (47, 50, 'TGA'), (142, 145, 'TAG'), (196, 199, 'TGA'), (200, 203, 'TAA'), (208, 211, 'TGA')]
57;[(5, 8, 'TAA'), (38, 41, 'TGA'), (52, 55, 'TGA'), (58, 61, 'TAA'), (65, 68, 'TAG'), (89, 92, 'TGA'), (217, 220, 'TGA'), (238, 241, 'TGA'), (283, 286, 'TAG'), (300, 303, 'TAA'), (330, 333, 'TAA')];TRAV4*01;TRAJ37*02;6;-1;5;['G', 'G', 'C', 'C', 'C'];[];[(5, 8, 'TAA'), (38, 41, 'TGA'), (52, 55, 'TGA'), (58, 61, 'TAA'), (65, 68, 'TAG'), (89, 92, 'TGA'), (217, 220, 'TGA'), (238, 241, 'TGA')]
58;[(31, 34, 'TGA'), (107, 110, 'TAA'), (142, 145, 'TAG'), (160, 163, 'TAG'), (196, 199, 'TGA'), (245, 248, 'TGA'), (280, 283, 'TGA'), (283, 286, 'TAA'), (324, 327, 'TAA')];TRAV13-1*02;TRAJ39*01;-1;6;1;['G'];[161];[(31, 34, 'TGA'), (107, 110, 'TAA'), (142, 145, 'TAG'), (160, 163, 'TAG'), (196, 199, 'TGA'), (245, 248, 'TGA')]
59;[(31, 34, 'TGA'), (47, 50, 'TGA'), (142, 145, 'TAG'), (196, 199, 'TGA'), (200, 203, 'TAA'), (208, 211, 'TGA'), (300, 303, 'TGA'), (332, 335, 'TAA')];TRAV13-2*02;TRAJ45*01;2;4;10;['G', 'G', 'A', 'G', 'G', 'G', 'G', 'G', 'T', 'A'];[341];[(31, 34, 'TGA'), (47, 50, 'TGA'), (142, 145, 'TAG'), (196, 199, 'TGA'), (200, 203, 'TAA'), (208, 211, 'TGA')]
60;[(10, 13, 'TGA'), (31, 34, 'TGA'), (77, 80, 'TGA'), (80, 83, 'TAG'), (107, 110, 'TAG'), (185, 188, 'TAA'), (200, 203, 'TAA'), (215, 218, 'TAG'), (248, 251, 'TGA'), (274, 277, 'TGA'), (283, 286, 'TGA'), (290, 293, 'TGA')];TRAV21*01;TRAJ24*02;1;-1;4;['A', 'G', 'A', 'G'];[141];[(10, 13, 'TGA'), (31, 34, 'TGA'), (77, 80, 'TGA'), (80, 83, 'TAG'), (107, 110, 'TAG'), (185, 188, 'TAA'), (200, 203, 'TAA'), (215, 218, 'TAG'), (248, 251, 'TGA'), (274, 277, 'TGA')]
61;[(31, 34, 'TGA'), (47, 50, 'TGA'), (142, 145, 'TAG'), (196, 199, 'TGA'), (200, 203, 'TAA'), (208, 211, 'TGA'), (329, 332, 'TAA'), (341, 344, 'TAA')];TRAV13-2*01;TRAJ42*01;2;7;12;['G', 'G', 'G', 'A', 'C', 'G', 'G', 'C', 'C', 'C', 'C', 'G'];[285];[(31, 34, 'TGA'), (47, 50, 'TGA'), (142, 145, 'TAG'), (196, 199, 'TGA'), (200, 203, 'TAA'), (208, 211, 'TGA')]
62;[(10, 13, 'TAA'), (26, 29, 'TGA'), (55, 58, 'TGA'), (74, 77, 'TGA'), (83, 86, 'TGA'), (161, 164, 'TGA'), (164, 167, 'TGA'), (173, 176, 'TGA'), (178, 181, 'TAA'), (280, 283, 'TAA'), (293, 296, 'TGA'), (301, 304, 'TAA')];TRAV19*01;TRAJ48*01;10;11;8;['T', 'A', 'A', 'A', 'G', 'G', 'G', 'G'];[300];[(10, 13, 'TAA'), (26, 29, 'TGA'), (55, 58, 'TGA'), (74, 77, 'TGA'), (83, 86, 'TGA'), (161, 164, 'TGA'), (164, 167, 'TGA'), (173, 176, 'TGA'), (178, 181, 'TAA')]
63;[(55, 58, 'TGA'), (61, 64, 'TGA'), (74, 77, 'TGA'), (83, 86, 'TGA'), (89, 92, 'TGA'), (133, 136, 'TGA'), (161, 164, 'TAA'), (196, 199, 'TGA'), (281, 284, 'TAG'), (288, 291, 'TAG'), (293, 296, 'TAA'), (338, 341, 'TGA')];TRAV38-2/DV8*01;TRAJ54*01;1;0;5;['T', 'A', 'G', 'G', 'G'];[];[(55, 58, 'TGA'), (61, 64, 'TGA'), (74, 77, 'TGA'), (83, 86, 'TGA'), (89, 92, 'TGA'), (133, 136, 'TGA'), (161, 164, 'TAA'), (196, 199, 'TGA'), (281, 284, 'TAG'), (288, 291, 'TAG')]
64;[(55, 58, 'TGA'), (61, 64, 'TGA'), (74, 77, 'TGA'), (83, 86, 'TGA'), (89, 92, 'TGA'), (133, 136, 'TGA'), (161, 164, 'TAA'), (196, 199, 'TGA'), (281, 284, 'TAG'), (314, 317, 'TGA'), (346, 349, 'TAA')];TRAV38-2/DV8*01;TRAJ45*01;0;6;12;['C', 'T', 'G', 'G', 'C', 'C', 'G', 'A', 'C', 'C', 'T', 'C'];[];[(55, 58, 'TGA'), (61, 64, 'TGA'), (74, 77, 'TGA'), (83, 86, 'TGA'), (89, 92, 'TGA'), (133, 136, 'TGA'), (161, 164, 'TAA'), (196, 199, 'TGA'), (281, 284, 'TAG')]
65;[(5, 8, 'TAA'), (38, 41, 'TGA'), (52, 55, 'TGA'), (58, 61, 'TAA'), (65, 68, 'TAG'), (89, 92, 'TGA'), (217, 220, 'TGA'), (238, 241, 'TGA'), (272, 275, 'TGA'), (277, 280, 'TGA'), (294, 297, 'TGA')];TRAV4*01;TRAJ30*01;-2;2;7;['A', 'C', 'G', 'G', 'C', 'C', 'G'];[];[(5, 8, 'TAA'), (38, 41, 'TGA'), (52, 55, 'TGA'), (58, 61, 'TAA'), (65, 68, 'TAG'), (89, 92, 'TGA'), (217, 220, 'TGA'), (238, 241, 'TGA'), (272, 275, 'TGA'), (277, 280, 'TGA')]
66;[(31, 34, 'TGA'), (77, 80, 'TGA'), (85, 88, 'TGA'), (175, 178, 'TAA'), (274, 277, 'TAG'), (311, 314, 'TAA'), (323, 326, 'TAA')];TRAV22*01;TRAJ42*01;4;11;9;['G', 'G', 'C', 'G', 'C', 'G', 'A', 'T', 'A'];[92, 121];[(31, 34, 'TGA'), (77, 80, 'TGA'), (85, 88, 'TGA'), (175, 178, 'TAA')]
67;[(5, 8, 'TAA'), (38, 41, 'TGA'), (52, 55, 'TGA'), (58, 61, 'TAA'), (65, 68, 'TAG'), (89, 92, 'TGA'), (217, 220, 'TGA'), (238, 241, 'TGA'), (272, 275, 'TGA'), (285, 288, 'TGA'), (335, 338, 'TGA')];TRAV4*01;TRAJ29*01;-1;8;14;['A', 'C', 'G', 'T', 'T', 'T', 'T', 'T', 'G', 'A', 'T', 'G', 'G', 'T'];[189];[(5, 8, 'TAA'), (38, 41, 'TGA'), (52, 55, 'TGA'), (58, 61, 'TAA'), (65, 68, 'TAG'), (89, 92, 'TGA'), (217, 220, 'TGA'), (238, 241, 'TGA'), (272, 275, 'TGA')]
68;[(10, 13, 'TGA'), (41, 44, 'TAA'), (61, 64, 'TGA'), (92, 95, 'TGA'), (142, 145, 'TGA'), (155, 158, 'TAG'), (182, 185, 'TGA'), (188, 191, 'TAA'), (214, 217, 'TGA'), (269, 272, 'TAG')];TRAV16*01;TRAJ28*01;6;4;8;['T', 'T', 'C', 'T', 'A', 'G', 'G', 'A'];[];[(10, 13, 'TGA'), (41, 44, 'TAA'), (61, 64, 'TGA'), (92, 95, 'TGA'), (142, 145, 'TGA'), (155, 158, 'TAG'), (182, 185, 'TGA'), (188, 191, 'TAA'), (214, 217, 'TGA'), (269, 272, 'TAG')]
69;[(31, 34, 'TAA'), (107, 110, 'TAA'), (142, 145, 'TAG'), (196, 199, 'TGA'), (245, 248, 'TAA')];TRAV13-1*02;TRAJ5*01;0;6;9;['T', 'A', 'C', 'C', 'T', 'T', 'C', 'C', 'C'];[32, 246];[(31, 34, 'TAA'), (107, 110, 'TAA'), (142, 145, 'TAG'), (196, 199, 'TGA'), (245, 248, 'TAA')]
70;[(10, 13, 'TAA'), (26, 29, 'TGA'), (55, 58, 'TGA'), (74, 77, 'TGA'), (83, 86, 'TGA'), (161, 164, 'TGA'), (164, 167, 'TGA'), (173, 176, 'TGA'), (178, 181, 'TAA'), (280, 283, 'TAG'), (284, 287, 'TAG'), (317, 320, 'TAA'), (322, 325, 'TGA')];TRAV19*01;TRAJ4*01;10;2;20;['T', 'A', 'G', 'C', 'T', 'A', 'G', 'G', 'C', 'C', 'C', 'G', 'G', 'C', 'G', 'C', 'A', 'A', 'A', 'G'];[];[(10, 13, 'TAA'), (26, 29, 'TGA'), (55, 58, 'TGA'), (74, 77, 'TGA'), (83, 86, 'TGA'), (161, 164, 'TGA'), (164, 167, 'TGA'), (173, 176, 'TGA'), (178, 181, 'TAA'), (280, 283, 'TAG'), (284, 287, 'TAG')]
71;[(10, 13, 'TGA'), (31, 34, 'TGA'), (34, 37, 'TAG'), (61, 64, 'TAA'), (74, 77, 'TGA'), (89, 92, 'TGA'), (139, 142, 'TGA'), (142, 145, 'TAG'), (160, 163, 'TGA'), (164, 167, 'TGA'), (200, 203, 'TAA'), (325, 328, 'TGA')];TRAV23/DV6*03;TRAJ31*01;0;6;4;['A', 'C', 'T', 'T'];[];[(10, 13, 'TGA'), (31, 34, 'TGA'), (34, 37, 'TAG'), (61, 64, 'TAA'), (74, 77, 'TGA'), (89, 92, 'TGA'), (139, 142, 'TGA'), (142, 145, 'TAG'), (160, 163, 'TGA'), (164, 167, 'TGA'), (200, 203, 'TAA')]
72;[(11, 14, 'TAA'), (31, 34, 'TGA'), (61, 64, 'TGA'), (68, 71, 'TGA'), (77, 80, 'TAA'), (89, 92, 'TGA'), (122, 125, 'TGA'), (139, 142, 'TGA'), (148, 151, 'TAA'), (158, 161, 'TAA'), (164, 167, 'TAA'), (170, 173, 'TGA'), (196, 199, 'TAA'), (297, 300, 'TGA'), (321, 324, 'TGA')];TRAV29/DV5*02;TRAJ22*01;3;8;5;['C', 'C', 'C', 'G', 'G'];[152, 239];[(11, 14, 'TAA'), (31, 34, 'TGA'), (61, 64, 'TGA'), (68, 71, 'TGA'), (77, 80, 'TAA'), (89, 92, 'TGA'), (122, 125, 'TGA'), (139, 142, 'TGA'), (148, 151, 'TAA'), (158, 161, 'TAA'), (164, 167, 'TAA'), (170, 173, 'TGA'), (196, 199, 'TAA')]
73;[(31, 34, 'TGA'), (107, 110, 'TAA'), (142, 145, 'TAG'), (196, 199, 'TGA'), (245, 248, 'TGA'), (326, 329, 'TAA')];TRAV13-1*01;TRAJ10*01;1;6;4;['G', 'T', 'T', 'C'];[181, 244];[(31, 34, 'TGA'), (107, 110, 'TAA'), (142, 145, 'TAG'), (196, 199, 'TGA'), (245, 248, 'TGA')]
74;[(28, 31, 'TGA'), (58, 61, 'TAA'), (104, 107, 'TAA'), (136, 139, 'TGA'), (163, 166, 'TGA'), (193, 196, 'TGA'), (197, 200, 'TAA'), (206, 209, 'TAA'), (299, 302, 'TAA')];TRAV5*01;TRAJ3*01;3;3;5;['G', 'C', 'C', 'A', 'G'];[];[(28, 31, 'TGA'), (58, 61, 'TAA'), (104, 107, 'TAA'), (136, 139, 'TGA'), (163, 166, 'TGA'), (193, 196, 'TGA'), (197, 200, 'TAA'), (206, 209, 'TAA')]
75;[(11, 14, 'TGA'), (23, 26, 'TGA'), (28, 31, 'TGA'), (191, 194, 'TAG'), (200, 203, 'TAA'), (223, 226, 'TGA'), (238, 241, 'TGA'), (278, 281, 'TGA')];TRAV1-2*01;TRAJ30*01;5;5;3;['G', 'C', 'C'];[];[(11, 14, 'TGA'), (23, 26, 'TGA'), (28, 31, 'TGA'), (191, 194, 'TAG'), (200, 203, 'TAA'), (223, 226, 'TGA'), (238, 241, 'TGA')]
76;[(10, 13, 'TAA'), (85, 88, 'TAA'), (104, 107, 'TAA'), (136, 139, 'TGA'), (145, 148, 'TAG'), (148, 151, 'TGA'), (163, 166, 'TGA'), (181, 184, 'TGA'), (250, 253, 'TAG')];TRAV25*01;TRAJ24*02;2;13;13;['A', 'G', 'A', 'G', 'C', 'G', 'A', 'G', 'T', 'A', 'T', 'A', 'T'];[];[(10, 13, 'TAA'), (85, 88, 'TAA'), (104, 107, 'TAA'), (136, 139, 'TGA'), (145, 148, 'TAG'), (148, 151, 'TGA'), (163, 166, 'TGA'), (181, 184, 'TGA'), (250, 253, 'TAG')]
77;[(31, 34, 'TGA'), (107, 110, 'TAA'), (142, 145, 'TAG'), (196, 199, 'TGA'), (245, 248, 'TGA'), (321, 324, 'TGA')];TRAV13-1*01;TRAJ31*01;4;11;9;['A', 'T', 'C', 'C', 'A', 'C', 'C', 'T', 'A'];[185];[(31, 34, 'TGA'), (107, 110, 'TAA'), (142, 145, 'TAG'), (196, 199, 'TGA'), (245, 248, 'TGA')]
78;[(5, 8, 'TAA'), (38, 41, 'TGA'), (52, 55, 'TGA'), (58, 61, 'TAA'), (65, 68, 'TAG'), (89, 92, 'TGA'), (217, 220, 'TGA'), (238, 241, 'TGA'), (290, 293, 'TGA'), (322, 325, 'TAA')];TRAV4*01;TRAJ45*01;3;9;6;['C', 'A', 'G', 'G', 'G', 'C'];[];[(5, 8, 'TAA'), (38, 41, 'TGA'), (52, 55, 'TGA'), (58, 61, 'TAA'), (65, 68, 'TAG'), (89, 92, 'TGA'), (217, 220, 'TGA'), (238, 241, 'TGA')]
79;[(131, 134, 'TAA'), (139, 142, 'TGA'), (161, 164, 'TAA'), (164, 167, 'TGA'), (194, 197, 'TAG'), (242, 245, 'TGA'), (269, 272, 'TAA'), (274, 277, 'TGA'), (305, 308, 'TAA')];TRAV12-1*01;TRAJ3*01;5;3;16;['T', 'A', 'A', 'C', 'C', 'T', 'G', 'A', 'A', 'A', 'C', 'A', 'C', 'C', 'C', 'C'];[];[(131, 134, 'TAA'), (139, 142, 'TGA'), (161, 164, 'TAA'), (164, 167, 'TGA'), (194, 197, 'TAG'), (242, 245, 'TGA'), (269, 272, 'TAA'), (274, 277, 'TGA')]
80;[(10, 13, 'TAA'), (26, 29, 'TGA'), (55, 58, 'TGA'), (74, 77, 'TGA'), (83, 86, 'TGA'), (161, 164, 'TGA'), (173, 176, 'TGA'), (178, 181, 'TAA'), (280, 283, 'TGA'), (291, 294, 'TAG'), (305, 308, 'TAA'), (329, 332, 'TAA'), (335, 338, 'TAA')];TRAV19*01;TRAJ33*01;7;-1;3;['A', 'C', 'T'];[166, 279];[(10, 13, 'TAA'), (26, 29, 'TGA'), (55, 58, 'TGA'), (74, 77, 'TGA'), (83, 86, 'TGA'), (161, 164, 'TGA'), (173, 176, 'TGA'), (178, 181, 'TAA'), (280, 283, 'TGA')]
81;[(5, 8, 'TAA'), (38, 41, 'TGA'), (65, 68, 'TAA'), (89, 92, 'TGA'), (151, 154, 'TAA'), (161, 164, 'TGA'), (170, 173, 'TGA'), (184, 187, 'TGA'), (217, 220, 'TGA'), (238, 241, 'TGA'), (279, 282, 'TAG'), (293, 296, 'TGA'), (317, 320, 'TGA')];TRAV26-1*03;TRAJ52*01;-1;11;6;['C', 'T', 'A', 'C', 'C', 'C'];[24, 160, 214];[(5, 8, 'TAA'), (38, 41, 'TGA'), (65, 68, 'TAA'), (89, 92, 'TGA'), (151, 154, 'TAA'), (161, 164, 'TGA'), (170, 173, 'TGA'), (184, 187, 'TGA'), (217, 220, 'TGA'), (238, 241, 'TGA')]
82;[(31, 34, 'TGA'), (47, 50, 'TGA'), (142, 145, 'TAG'), (196, 199, 'TGA'), (200, 203, 'TAA'), (208, 211, 'TGA'), (289, 292, 'TAG'), (303, 306, 'TGA'), (327, 330, 'TGA')];TRAV13-2*02;TRAJ52*01;0;8;4;['A', 'T', 'T', 'C'];[182];[(31, 34, 'TGA'), (47, 50, 'TGA'), (142, 145, 'TAG'), (196, 199, 'TGA'), (200, 203, 'TAA'), (208, 211, 'TGA')]
83;[(55, 58, 'TGA'), (61, 64, 'TGA'), (74, 77, 'TGA'), (83, 86, 'TGA'), (89, 92, 'TGA'), (133, 136, 'TGA'), (161, 164, 'TAA'), (196, 199, 'TGA'), (232, 235, 'TGA'), (281, 284, 'TAG'), (334, 337, 'TAA'), (346, 349, 'TAA')];TRAV38-2/DV8*01;TRAJ42*01;-2;9;6;['G', 'G', 'T', 'G', 'T', 'C'];[69, 232];[(55, 58, 'TGA'), (61, 64, 'TGA'), (74, 77, 'TGA'), (83, 86, 'TGA'), (89, 92, 'TGA'), (133, 136, 'TGA'), (161, 164, 'TAA'), (196, 199, 'TGA'), (232, 235, 'TGA'), (281, 284, 'TAG')]
84;[(5, 8, 'TAA'), (28, 31, 'TAG'), (38, 41, 'TGA'), (52, 55, 'TGA'), (58, 61, 'TAA'), (65, 68, 'TAG'), (89, 92, 'TGA'), (217, 220, 'TGA'), (238, 241, 'TGA'), (272, 275, 'TAG')];TRAV4*01;TRAJ8*01;10;4;15;['C', 'C', 'G', 'G', 'T', 'T', 'A', 'G', 'T', 'C', 'G', 'C', 'A', 'T', 'A'];[29];[(5, 8, 'TAA'), (28, 31, 'TAG'), (38, 41, 'TGA'), (52, 55, 'TGA'), (58, 61, 'TAA'), (65, 68, 'TAG'), (89, 92, 'TGA'), (217, 220, 'TGA'), (238, 241, 'TGA'), (272, 275, 'TAG')]
85;[(31, 34, 'TGA'), (107, 110, 'TAA'), (142, 145, 'TAG'), (196, 199, 'TGA'), (245, 248, 'TGA'), (292, 295, 'TAA'), (324, 327, 'TGA')];TRAV13-1*01;TRAJ49*01;0;0;3;['C', 'C', 'C'];[231];[(31, 34, 'TGA'), (107, 110, 'TAA'), (142, 145, 'TAG'), (196, 199, 'TGA'), (245, 248, 'TGA')]
86;[(11, 14, 'TGA'), (23, 26, 'TGA'), (28, 31, 'TGA'), (191, 194, 'TAG'), (200, 203, 'TAA'), (223, 226, 'TGA'), (238, 241, 'TGA'), (268, 271, 'TGA'), (319, 322, 'TAA')];TRAV1-2*01;TRAJ10*01;-2;8;1;['G'];[];[(11, 14, 'TGA'), (23, 26, 'TGA'), (28, 31, 'TGA'), (191, 194, 'TAG'), (200, 203, 'TAA'), (223, 226, 'TGA'), (238, 241, 'TGA'), (268, 271, 'TGA')]
87;[(31, 34, 'TAA'), (139, 142, 'TGA'), (145, 148, 'TAG'), (163, 166, 'TGA'), (172, 175, 'TGA'), (181, 184, 'TAA'), (197, 200, 'TGA'), (245, 248, 'TGA'), (280, 283, 'TAA'), (325, 328, 'TGA')];TRAV27*01;TRAJ54*01;4;-2;8;['C', 'G', 'T', 'C', 'C', 'G', 'C', 'T'];[];[(31, 34, 'TAA'), (139, 142, 'TGA'), (145, 148, 'TAG'), (163, 166, 'TGA'), (172, 175, 'TGA'), (181, 184, 'TAA'), (197, 200, 'TGA'), (245, 248, 'TGA')]
88;[(10, 13, 'TGA'), (20, 23, 'TAA'), (31, 34, 'TAA'), (41, 44, 'TGA'), (92, 95, 'TAA'), (170, 173, 'TAA'), (188, 191, 'TGA'), (194, 197, 'TGA'), (202, 205, 'TAA'), (209, 212, 'TAA'), (221, 224, 'TAA'), (226, 229, 'TGA'), (251, 254, 'TGA'), (260, 263, 'TGA')];TRAV8-1*01;TRAJ34*01;7;6;6;['A', 'T', 'G', 'C', 'C', 'G'];[13];[(10, 13, 'TGA'), (20, 23, 'TAA'), (31, 34, 'TAA'), (41, 44, 'TGA'), (92, 95, 'TAA'), (170, 173, 'TAA'), (188, 191, 'TGA'), (194, 197, 'TGA'), (202, 205, 'TAA'), (209, 212, 'TAA'), (221, 224, 'TAA'), (226, 229, 'TGA'), (251, 254, 'TGA'), (260, 263, 'TGA')]
89;[(31, 34, 'TGA'), (47, 50, 'TGA'), (132, 135, 'TAA'), (142, 145, 'TAG'), (196, 199, 'TGA'), (200, 203, 'TAA'), (208, 211, 'TGA'), (286, 289, 'TAG'), (300, 303, 'TGA'), (324, 327, 'TGA')];TRAV13-2*02;TRAJ52*01;1;11;5;['G', 'G', 'G', 'G', 'T'];[132];[(31, 34, 'TGA'), (47, 50, 'TGA'), (132, 135, 'TAA'), (142, 145, 'TAG'), (196, 199, 'TGA'), (200, 203, 'TAA'), (208, 211, 'TGA')]
90;[(31, 34, 'TAG'), (139, 142, 'TGA'), (145, 148, 'TAG'), (163, 166, 'TGA'), (172, 175, 'TGA'), (181, 184, 'TAA'), (197, 200, 'TGA'), (245, 248, 'TGA'), (269, 272, 'TAG'), (283, 286, 'TAA'), (307, 310, 'TAA'), (313, 316, 'TAA')];TRAV27*01;TRAJ33*01;9;3;3;['C', 'C', 'C'];[33];[(31, 34, 'TAG'), (139, 142, 'TGA'), (145, 148, 'TAG'), (163, 166, 'TGA'), (172, 175, 'TGA'), (181, 184, 'TAA'), (197, 200, 'TGA'), (245, 248, 'TGA')]
91;[(55, 58, 'TGA'), (61, 64, 'TGA'), (74, 77, 'TGA'), (83, 86, 'TGA'), (89, 92, 'TGA'), (133, 136, 'TGA'), (161, 164, 'TAA'), (196, 199, 'TGA'), (325, 328, 'TGA')];TRAV38-2/DV8*01;TRAJ31*01;8;9;6;['T', 'A', 'C', 'T', 'C', 'G'];[73, 109];[(55, 58, 'TGA'), (61, 64, 'TGA'), (74, 77, 'TGA'), (83, 86, 'TGA'), (89, 92, 'TGA'), (133, 136, 'TGA'), (161, 164, 'TAA'), (196, 199, 'TGA')]
92;[(31, 34, 'TGA'), (61, 64, 'TAA'), (104, 107, 'TAA'), (119, 122, 'TGA'), (136, 139, 'TGA'), (139, 142, 'TGA'), (173, 176, 'TGA'), (181, 184, 'TAA'), (197, 200, 'TGA'), (292, 295, 'TAG'), (295, 298, 'TAA'), (300, 303, 'TGA'), (318, 321, 'TAA'), (324, 327, 'TGA'), (331, 334, 'TAG')];TRAV34*01;TRAJ56*01;1;4;5;['A', 'G', 'G', 'G', 'G'];[25];[(31, 34, 'TGA'), (61, 64, 'TAA'), (104, 107, 'TAA'), (119, 122, 'TGA'), (136, 139, 'TGA'), (139, 142, 'TGA'), (173, 176, 'TGA'), (181, 184, 'TAA'), (197, 200, 'TGA')]
93;[(4, 7, 'TGA'), (145, 148, 'TAA'), (148, 151, 'TGA'), (154, 157, 'TAA'), (164, 167, 'TGA'), (184, 187, 'TAA'), (197, 200, 'TAA'), (245, 248, 'TGA'), (324, 327, 'TAA')];TRAV24*01;TRAJ21*01;4;-1;4;['C', 'C', 'A', 'A'];[14, 20];[(4, 7, 'TGA'), (145, 148, 'TAA'), (148, 151, 'TGA'), (154, 157, 'TAA'), (164, 167, 'TGA'), (184, 187, 'TAA'), (197, 200, 'TAA'), (245, 248, 'TGA')]
94;[(10, 13, 'TAA'), (26, 29, 'TGA'), (55, 58, 'TGA'), (74, 77, 'TGA'), (83, 86, 'TGA'), (161, 164, 'TGA'), (164, 167, 'TGA'), (173, 176, 'TGA'), (178, 181, 'TAA'), (280, 283, 'TGA'), (284, 287, 'TGA'), (333, 336, 'TGA')];TRAV19*01;TRAJ47*01;4;-2;3;['A', 'G', 'T'];[];[(10, 13, 'TAA'), (26, 29, 'TGA'), (55, 58, 'TGA'), (74, 77, 'TGA'), (83, 86, 'TGA'), (161, 164, 'TGA'), (164, 167, 'TGA'), (173, 176, 'TGA'), (178, 181, 'TAA'), (280, 283, 'TGA'), (284, 287, 'TGA')]
95;[(10, 13, 'TGA'), (61, 64, 'TGA'), (86, 89, 'TAA'), (136, 139, 'TGA'), (139, 142, 'TAG'), (149, 152, 'TAA'), (158, 161, 'TGA'), (163, 166, 'TGA'), (181, 184, 'TGA'), (199, 202, 'TAA'), (220, 223, 'TGA'), (242, 245, 'TAG'), (245, 248, 'TGA'), (250, 253, 'TAG'), (280, 283, 'TAG'), (284, 287, 'TGA'), (316, 319, 'TAA')];TRAV35*02;TRAJ45*01;0;17;12;['T', 'T', 'G', 'T', 'A', 'T', 'T', 'C', 'G', 'A', 'T', 'A'];[264];[(10, 13, 'TGA'), (61, 64, 'TGA'), (86, 89, 'TAA'), (136, 139, 'TGA'), (139, 142, 'TAG'), (149, 152, 'TAA'), (158, 161, 'TGA'), (163, 166, 'TGA'), (181, 184, 'TGA'), (199, 202, 'TAA'), (220, 223, 'TGA'), (242, 245, 'TAG'), (245, 248, 'TGA'), (250, 253, 'TAG')]
96;[(10, 13, 'TGA'), (31, 34, 'TGA'), (53, 56, 'TAG'), (62, 65, 'TAA'), (88, 91, 'TAA'), (107, 110, 'TAG'), (131, 134, 'TGA'), (184, 187, 'TAA'), (196, 199, 'TAA'), (233, 236, 'TAA'), (239, 242, 'TGA'), (281, 284, 'TAG'), (324, 327, 'TGA'), (333, 336, 'TAG')];TRAV20*01;TRAJ40*01;1;6;11;['A', 'A', 'C', 'T', 'T', 'C', 'C', 'T', 'T', 'A', 'G'];[94, 258];[(10, 13, 'TGA'), (31, 34, 'TGA'), (53, 56, 'TAG'), (62, 65, 'TAA'), (88, 91, 'TAA'), (107, 110, 'TAG'), (131, 134, 'TGA'), (184, 187, 'TAA'), (196, 199, 'TAA'), (233, 236, 'TAA'), (239, 242, 'TGA')]
97;[(5, 8, 'TAA'), (38, 41, 'TGA'), (52, 55, 'TGA'), (58, 61, 'TAA'), (65, 68, 'TAG'), (217, 220, 'TGA'), (238, 241, 'TGA'), (331, 334, 'TGA')];TRAV4*01;TRAJ29*01;3;4;10;['G', 'T', 'C', 'T', 'T', 'G', 'C', 'T', 'C', 'G'];[89];[(5, 8, 'TAA'), (38, 41, 'TGA'), (52, 55, 'TGA'), (58, 61, 'TAA'), (65, 68, 'TAG'), (217, 220, 'TGA'), (238, 241, 'TGA')]
98;[(10, 13, 'TGA'), (31, 34, 'TGA'), (77, 80, 'TGA'), (80, 83, 'TAG'), (107, 110, 'TAG'), (185, 188, 'TAA'), (200, 203, 'TAA'), (215, 218, 'TAG'), (248, 251, 'TGA'), (279, 282, 'TAG'), (288, 291, 'TAG'), (297, 300, 'TAA'), (302, 305, 'TGA'), (326, 329, 'TAA'), (332, 335, 'TGA')];TRAV21*01;TRAJ53*01;3;3;2;['T', 'C'];[];[(10, 13, 'TGA'), (31, 34, 'TGA'), (77, 80, 'TGA'), (80, 83, 'TAG'), (107, 110, 'TAG'), (185, 188, 'TAA'), (200, 203, 'TAA'), (215, 218, 'TAG'), (248, 251, 'TGA')]
99;[(10, 13, 'TAA'), (85, 88, 'TAA'), (104, 107, 'TAA'), (136, 139, 'TGA'), (145, 148, 'TAG'), (148, 151, 'TGA'), (163, 166, 'TGA'), (181, 184, 'TGA'), (250, 253, 'TAA'), (311, 314, 'TAA'), (323, 326, 'TAA')];TRAV25*01;TRAJ42*01;2;8;2;['A', 'G'];[60, 252, 256];[(10, 13, 'TAA'), (85, 88, 'TAA'), (104, 107, 'TAA'), (136, 139, 'TGA'), (145, 148, 'TAG'), (148, 151, 'TGA'), (163, 166, 'TGA'), (181, 184, 'TGA'), (250, 253, 'TAA')]
