seq_index;v_choice;j_choice;v_3_del;j_5_del;vj_ins;vj_dinucl;Errors
0;TRAV21*01;TRAJ38*01;6;5;6;['C', 'G', 'C', 'A', 'G', 'C'];[279]
1;TRAV4*01;TRAJ28*01;6;10;12;['A', 'A', 'C', 'T', 'A', 'C', 'T', 'G', 'G', 'G', 'C', 'C'];[]
2;TRAV13-2*01;TRAJ6*01;2;2;9;['G', 'A', 'T', 'A', 'C', 'A', 'C', 'C', 'A'];[45]
3;TRAV26-1*02;TRAJ48*01;7;14;4;['C', 'C', 'C', 'G'];[50, 198, 207]
4;TRAV1-1*01;TRAJ31*01;5;8;6;['G', 'G', 'G', 'A', 'G', 'C'];[]
5;TRAV22*01;TRAJ45*01;4;10;2;['A', 'G'];[8, 62, 176]
6;TRAV8-1*01;TRAJ35*01;4;3;8;['C', 'C', 'G', 'G', 'C', 'T', 'T', 'C'];[9, 69, 299]
7;TRAV29/DV5*02;TRAJ49*01;0;1;7;['C', 'C', 'C', 'T', 'G', 'C', 'C'];[294]
8;TRAV19*01;TRAJ17*01;7;7;5;['T', 'G', 'T', 'C', 'C'];[]
9;TRAV27*01;TRAJ44*01;0;6;18;['G', 'A', 'T', 'G', 'G', 'A', 'A', 'T', 'A', 'A', 'G', 'C', 'A', 'T', 'G', 'G', 'C', 'T'];[176]
10;TRAV4*01;TRAJ17*01;8;5;5;['A', 'A', 'A', 'G', 'T'];[]
11;TRAV13-2*01;TRAJ13*01;1;1;5;['C', 'C', 'G', 'T', 'G'];[263]
12;TRAV1-1*01;TRAJ43*01;3;-1;7;['T', 'C', 'C', 'T', 'C', 'C', 'C'];[]
13;TRAV35*01;TRAJ56*01;1;6;6;['G', 'A', 'C', 'T', 'G', 'G'];[96]
14;TRAV10*01;TRAJ42*01;1;11;2;['T', 'A'];[106, 109]
15;TRAV27*01;TRAJ18*01;7;2;9;['C', 'C', 'T', 'C', 'A', 'T', 'G', 'G', 'G'];[125]
16;TRAV13-2*01;TRAJ49*01;4;8;3;['A', 'A', 'G'];[177, 231]
17;TRAV12-1*02;TRAJ6*01;0;5;13;['T', 'C', 'C', 'C', 'C', 'C', 'T', 'T', 'A', 'G', 'T', 'T', 'C'];[157, 190]
18;TRAV26-1*02;TRAJ45*01;12;9;5;['T', 'A', 'T', 'C', 'C'];[]
19;TRAV29/DV5*01;TRAJ43*01;4;-2;2;['G', 'A'];[178]
20;TRAV29/DV5*02;TRAJ39*01;2;11;9;['G', 'G', 'T', 'A', 'G', 'A', 'G', 'G', 'G'];[223]
21;TRAV29/DV5*02;TRAJ45*01;0;3;2;['G', 'T'];[]
22;TRAV19*01;TRAJ45*01;8;14;8;['G', 'A', 'A', 'G', 'C', 'G', 'C', 'C'];[]
23;TRAV21*01;TRAJ20*01;1;4;10;['G', 'G', 'G', 'G', 'A', 'G', 'C', 'C', 'C', 'G'];[]
24;TRAV21*01;TRAJ22*01;3;8;4;['G', 'A', 'C', 'T'];[]
25;TRAV13-1*02;TRAJ37*02;1;4;6;['A', 'A', 'C', 'C', 'C', 'C'];[]
26;TRAV13-1*02;TRAJ23*01;1;8;4;['G', 'G', 'G', 'C'];[]
27;TRAV13-2*01;TRAJ48*01;2;1;16;['A', 'T', 'G', 'A', 'A', 'A', 'T', 'A', 'T', 'C', 'A', 'A', 'G', 'A', 'A', 'T'];[117, 294]
28;TRAV9-2*01;TRAJ20*01;3;1;8;['C', 'T', 'A', 'A', 'G', 'A', 'T', 'C'];[104]
29;TRAV14/DV4*01;TRAJ9*01;6;2;8;['T', 'G', 'G', 'G', 'G', 'G', 'T', 'G'];[]
30;TRAV1-1*01;TRAJ23*01;3;8;4;['G', 'G', 'G', 'C'];[270]
31;TRAV29/DV5*01;TRAJ6*01;5;3;5;['G', 'C', 'C', 'G', 'G'];[]
32;TRAV13-2*01;TRAJ28*01;4;8;5;['G', 'G', 'G', 'G', 'G'];[3]
33;TRAV26-2*01;TRAJ23*01;8;17;3;['A', 'T', 'A'];[]
34;TRAV10*01;TRAJ45*01;4;10;7;['T', 'C', 'C', 'G', 'G', 'A', 'T'];[]
35;TRAV19*01;TRAJ40*01;4;5;4;['T', 'T', 'G', 'C'];[]
36;TRAV35*01;TRAJ49*01;-1;5;6;['C', 'C', 'C', 'T', 'A', 'G'];[64]
37;TRAV13-1*02;TRAJ17*01;0;4;8;['A', 'G', 'A', 'C', 'G', 'G', 'T', 'A'];[126]
38;TRAV19*01;TRAJ49*01;6;2;1;['T'];[136]
39;TRAV35*01;TRAJ52*01;-2;2;3;['T', 'T', 'C'];[]
40;TRAV6*01;TRAJ31*01;5;0;17;['C', 'G', 'G', 'A', 'G', 'T', 'T', 'T', 'G', 'T', 'T', 'A', 'G', 'G', 'C', 'T', 'G'];[200]
41;TRAV13-1*01;TRAJ35*01;3;18;7;['C', 'T', 'C', 'T', 'A', 'G', 'A'];[196]
42;TRAV27*01;TRAJ49*01;4;2;20;['G', 'C', 'T', 'T', 'A', 'C', 'G', 'T', 'A', 'A', 'T', 'C', 'C', 'C', 'C', 'C', 'G', 'G', 'T', 'C'];[5]
43;TRAV36/DV7*01;TRAJ58*01;4;4;5;['G', 'A', 'A', 'T', 'T'];[227]
44;TRAV19*01;TRAJ26*01;7;11;8;['G', 'G', 'G', 'G', 'T', 'C', 'C', 'T'];[]
45;TRAV16*01;TRAJ5*01;4;1;12;['G', 'G', 'A', 'T', 'C', 'T', 'C', 'G', 'G', 'A', 'C', 'C'];[51, 316]
46;TRAV26-1*03;TRAJ27*01;0;4;6;['A', 'A', 'A', 'A', 'G', 'G'];[]
47;TRAV25*01;TRAJ45*01;1;3;8;['G', 'T', 'C', 'T', 'G', 'A', 'T', 'A'];[]
48;TRAV1-2*01;TRAJ35*01;2;4;8;['C', 'C', 'T', 'C', 'A', 'T', 'C', 'C'];[98]
49;TRAV9-2*01;TRAJ54*01;0;6;3;['G', 'A', 'A'];[185]
50;TRAV4*01;TRAJ10*01;1;2;2;['G', 'A'];[]
51;TRAV19*01;TRAJ37*02;6;7;4;['C', 'T', 'T', 'A'];[11]
52;TRAV4*01;TRAJ45*01;10;6;15;['C', 'C', 'T', 'C', 'G', 'G', 'G', 'G', 'A', 'A', 'T', 'C', 'G', 'G', 'G'];[9, 316]
53;TRAV4*01;TRAJ15*01;1;7;4;['T', 'T', 'A', 'C'];[54]
54;TRAV8-1*01;TRAJ23*01;4;5;4;['C', 'G', 'G', 'T'];[80, 113, 165, 271]
55;TRAV13-1*01;TRAJ6*01;3;6;3;['A', 'C', 'C'];[79, 172, 239]
56;TRAV13-2*01;TRAJ6*01;6;6;5;['C', 'C', 'C', 'C', 'T'];[]
57;TRAV4*01;TRAJ37*02;6;-1;5;['G', 'G', 'C', 'C', 'C'];[]
58;TRAV13-1*02;TRAJ39*01;-1;6;1;['G'];[161]
59;TRAV13-2*02;TRAJ45*01;2;4;10;['G', 'G', 'A', 'G', 'G', 'G', 'G', 'G', 'T', 'A'];[341]
60;TRAV21*01;TRAJ24*02;1;-1;4;['A', 'G', 'A', 'G'];[141]
61;TRAV13-2*01;TRAJ42*01;2;7;12;['G', 'G', 'G', 'A', 'C', 'G', 'G', 'C', 'C', 'C', 'C', 'G'];[285]
62;TRAV19*01;TRAJ48*01;10;11;8;['T', 'A', 'A', 'A', 'G', 'G', 'G', 'G'];[300]
63;TRAV38-2/DV8*01;TRAJ54*01;1;0;5;['T', 'A', 'G', 'G', 'G'];[]
64;TRAV38-2/DV8*01;TRAJ45*01;0;6;12;['C', 'T', 'G', 'G', 'C', 'C', 'G', 'A', 'C', 'C', 'T', 'C'];[]
65;TRAV4*01;TRAJ30*01;-2;2;7;['A', 'C', 'G', 'G', 'C', 'C', 'G'];[]
66;TRAV22*01;TRAJ42*01;4;11;9;['G', 'G', 'C', 'G', 'C', 'G', 'A', 'T', 'A'];[92, 121]
67;TRAV4*01;TRAJ29*01;-1;8;14;['A', 'C', 'G', 'T', 'T', 'T', 'T', 'T', 'G', 'A', 'T', 'G', 'G', 'T'];[189]
68;TRAV16*01;TRAJ28*01;6;4;8;['T', 'T', 'C', 'T', 'A', 'G', 'G', 'A'];[]
69;TRAV13-1*02;TRAJ5*01;0;6;9;['T', 'A', 'C', 'C', 'T', 'T', 'C', 'C', 'C'];[32, 246]
70;TRAV19*01;TRAJ4*01;10;2;20;['T', 'A', 'G', 'C', 'T', 'A', 'G', 'G', 'C', 'C', 'C', 'G', 'G', 'C', 'G', 'C', 'A', 'A', 'A', 'G'];[]
71;TRAV23/DV6*03;TRAJ31*01;0;6;4;['A', 'C', 'T', 'T'];[]
72;TRAV29/DV5*02;TRAJ22*01;3;8;5;['C', 'C', 'C', 'G', 'G'];[152, 239]
73;TRAV13-1*01;TRAJ10*01;1;6;4;['G', 'T', 'T', 'C'];[181, 244]
74;TRAV5*01;TRAJ3*01;3;3;5;['G', 'C', 'C', 'A', 'G'];[]
75;TRAV1-2*01;TRAJ30*01;5;5;3;['G', 'C', 'C'];[]
76;TRAV25*01;TRAJ24*02;2;13;13;['A', 'G', 'A', 'G', 'C', 'G', 'A', 'G', 'T', 'A', 'T', 'A', 'T'];[]
77;TRAV13-1*01;TRAJ31*01;4;11;9;['A', 'T', 'C', 'C', 'A', 'C', 'C', 'T', 'A'];[185]
78;TRAV4*01;TRAJ45*01;3;9;6;['C', 'A', 'G', 'G', 'G', 'C'];[]
79;TRAV12-1*01;TRAJ3*01;5;3;16;['T', 'A', 'A', 'C', 'C', 'T', 'G', 'A', 'A', 'A', 'C', 'A', 'C', 'C', 'C', 'C'];[]
80;TRAV19*01;TRAJ33*01;7;-1;3;['A', 'C', 'T'];[166, 279]
81;TRAV26-1*03;TRAJ52*01;-1;11;6;['C', 'T', 'A', 'C', 'C', 'C'];[24, 160, 214]
82;TRAV13-2*02;TRAJ52*01;0;8;4;['A', 'T', 'T', 'C'];[182]
83;TRAV38-2/DV8*01;TRAJ42*01;-2;9;6;['G', 'G', 'T', 'G', 'T', 'C'];[69, 232]
84;TRAV4*01;TRAJ8*01;10;4;15;['C', 'C', 'G', 'G', 'T', 'T', 'A', 'G', 'T', 'C', 'G', 'C', 'A', 'T', 'A'];[29]
85;TRAV13-1*01;TRAJ49*01;0;0;3;['C', 'C', 'C'];[231]
86;TRAV1-2*01;TRAJ10*01;-2;8;1;['G'];[]
87;TRAV27*01;TRAJ54*01;4;-2;8;['C', 'G', 'T', 'C', 'C', 'G', 'C', 'T'];[]
88;TRAV8-1*01;TRAJ34*01;7;6;6;['A', 'T', 'G', 'C', 'C', 'G'];[13]
89;TRAV13-2*02;TRAJ52*01;1;11;5;['G', 'G', 'G', 'G', 'T'];[132]
90;TRAV27*01;TRAJ33*01;9;3;3;['C', 'C', 'C'];[33]
91;TRAV38-2/DV8*01;TRAJ31*01;8;9;6;['T', 'A', 'C', 'T', 'C', 'G'];[73, 109]
92;TRAV34*01;TRAJ56*01;1;4;5;['A', 'G', 'G', 'G', 'G'];[25]
93;TRAV24*01;TRAJ21*01;4;-1;4;['C', 'C', 'A', 'A'];[14, 20]
94;TRAV19*01;TRAJ47*01;4;-2;3;['A', 'G', 'T'];[]
95;TRAV35*02;TRAJ45*01;0;17;12;['T', 'T', 'G', 'T', 'A', 'T', 'T', 'C', 'G', 'A', 'T', 'A'];[264]
96;TRAV20*01;TRAJ40*01;1;6;11;['A', 'A', 'C', 'T', 'T', 'C', 'C', 'T', 'T', 'A', 'G'];[94, 258]
97;TRAV4*01;TRAJ29*01;3;4;10;['G', 'T', 'C', 'T', 'T', 'G', 'C', 'T', 'C', 'G'];[89]
98;TRAV21*01;TRAJ53*01;3;3;2;['T', 'C'];[]
99;TRAV25*01;TRAJ42*01;2;8;2;['A', 'G'];[60, 252, 256]
